archive_path,source_repo,folder_name,name,primary_tool,tool_type,category
adaptyv/alphafold,adaptyv,alphafold,alphafold,,,design-tools
adaptyv/bindcraft,adaptyv,bindcraft,bindcraft,,,design-tools
adaptyv/binder-design,adaptyv,binder-design,binder-design,,,orchestration
adaptyv/binding-characterization,adaptyv,binding-characterization,binding-characterization,,,experimental
adaptyv/boltz,adaptyv,boltz,boltz,,,design-tools
adaptyv/boltzgen,adaptyv,boltzgen,boltzgen,,,design-tools
adaptyv/campaign-manager,adaptyv,campaign-manager,campaign-manager,,,orchestration
adaptyv/cell-free-expression,adaptyv,cell-free-expression,cell-free-expression,,,experimental
adaptyv/chai,adaptyv,chai,chai,,,design-tools
adaptyv/esm,adaptyv,esm,esm,,,design-tools
adaptyv/foldseek,adaptyv,foldseek,foldseek,,,utilities
adaptyv/ipsae,adaptyv,ipsae,ipsae,,,evaluation
adaptyv/ligandmpnn,adaptyv,ligandmpnn,ligandmpnn,,,design-tools
adaptyv/pdb,adaptyv,pdb,pdb,,,utilities
adaptyv/protein-design-workflow,adaptyv,protein-design-workflow,protein-design-workflow,,,orchestration
adaptyv/protein-qc,adaptyv,protein-qc,protein-qc,,,evaluation
adaptyv/proteinmpnn,adaptyv,proteinmpnn,proteinmpnn,,,design-tools
adaptyv/rfdiffusion,adaptyv,rfdiffusion,rfdiffusion,,,design-tools
adaptyv/setup,adaptyv,setup,setup,,,utilities
adaptyv/solublempnn,adaptyv,solublempnn,solublempnn,,,design-tools
adaptyv/uniprot,adaptyv,uniprot,uniprot,,,utilities
bio-agent-skills-hub,bio-agent-skills-hub,bio-agent-skills-hub,bio-agent-skills-hub,,,
bioclaw/atac-seq,bioclaw,atac-seq,atac-seq,MACS3,mixed,
bioclaw/bio-analysis-system,bioclaw,bio-analysis-system,,,,
bioclaw/bio-dataset-search,bioclaw,bio-dataset-search,,,,
bioclaw/bio-figure-design,bioclaw,bio-figure-design,,,,
bioclaw/bio-human-feedback,bioclaw,bio-human-feedback,,,,
bioclaw/bio-innovation-check,bioclaw,bio-innovation-check,,,,
bioclaw/bio-manuscript-pipeline,bioclaw,bio-manuscript-pipeline,,,,
bioclaw/bio-manuscript-refine,bioclaw,bio-manuscript-refine,,,,
bioclaw/bio-manuscript-text,bioclaw,bio-manuscript-text,,,,
bioclaw/bio-metric-system,bioclaw,bio-metric-system,,,,
bioclaw/bio-ppt-generate,bioclaw,bio-ppt-generate,,,,
bioclaw/bio-task-system,bioclaw,bio-task-system,,,,
bioclaw/bio-tools,bioclaw,bio-tools,bio-tools,,,
bioclaw/blast-search,bioclaw,blast-search,blast-search,,,
bioclaw/cell-annotation,bioclaw,cell-annotation,cell-annotation,CellTypist,python,
bioclaw/chip-seq,bioclaw,chip-seq,chip-seq,MACS3,mixed,
bioclaw/differential-expression,bioclaw,differential-expression,differential-expression,PyDESeq2,python,
bioclaw/metagenomics,bioclaw,metagenomics,metagenomics,Kraken2,mixed,
bioclaw/proteomics,bioclaw,proteomics,proteomics,pyopenms,python,
bioclaw/query-alphafold,bioclaw,query-alphafold,query-alphafold,,,
bioclaw/query-clinvar,bioclaw,query-clinvar,query-clinvar,,,
bioclaw/query-ensembl,bioclaw,query-ensembl,query-ensembl,,,
bioclaw/query-geo,bioclaw,query-geo,query-geo,,,
bioclaw/query-interpro,bioclaw,query-interpro,query-interpro,,,
bioclaw/query-kegg,bioclaw,query-kegg,query-kegg,,,
bioclaw/query-opentarget,bioclaw,query-opentarget,query-opentarget,,,
bioclaw/query-pdb,bioclaw,query-pdb,query-pdb,,,
bioclaw/query-reactome,bioclaw,query-reactome,query-reactome,,,
bioclaw/query-stringdb,bioclaw,query-stringdb,query-stringdb,,,
bioclaw/query-uniprot,bioclaw,query-uniprot,query-uniprot,,,
bioclaw/report-template,bioclaw,report-template,report-template,,,
bioclaw/scrna-preprocessing-clustering,bioclaw,scrna-preprocessing-clustering,scrna-preprocessing-clustering,scanpy,python,
bioclaw/sds-gel-review,bioclaw,sds-gel-review,sds-gel-review,,,
bioclaw/sec-report,bioclaw,sec-report,sec-report,"scipy, matplotlib, typst",python,
bioclaw/sequence-analysis,bioclaw,sequence-analysis,sequence-analysis,,,
bioclaw/skills-hub,bioclaw,skills-hub,skills-hub,,,
bioclaw/structural-biology,bioclaw,structural-biology,structural-biology,AlphaFold DB,python,
bioclaw_hub/alignment-and-mapping,bioclaw_hub,alignment-and-mapping,alignment-and-mapping,samtools,mixed,
bioclaw_hub/alphafold2-multimer,bioclaw_hub,alphafold2-multimer,alphafold2-multimer,,,design-tools
bioclaw_hub/alternative-splicing,bioclaw_hub,alternative-splicing,alternative-splicing,splice-aware,python,
bioclaw_hub/binder-design-campaign-manager,bioclaw_hub,binder-design-campaign-manager,binder-design-campaign-manager,,,orchestration
bioclaw_hub/binder-design-tool-selection,bioclaw_hub,binder-design-tool-selection,binder-design-tool-selection,,,orchestration
bioclaw_hub/boltz-structure-prediction,bioclaw_hub,boltz-structure-prediction,boltz-structure-prediction,,,design-tools
bioclaw_hub/bulk-rna-expression,bioclaw_hub,bulk-rna-expression,bulk-rna-expression,pandas,python,
bioclaw_hub/causal-genomics,bioclaw_hub,causal-genomics,causal-genomics,summary-statistics,mixed,
bioclaw_hub/cell-communication,bioclaw_hub,cell-communication,cell-communication,pandas,python,
bioclaw_hub/cell-free-protein-expression,bioclaw_hub,cell-free-protein-expression,cell-free-protein-expression,,,experimental
bioclaw_hub/chai1-structure-prediction,bioclaw_hub,chai1-structure-prediction,chai1-structure-prediction,,,design-tools
bioclaw_hub/comparative-genomics,bioclaw_hub,comparative-genomics,comparative-genomics,orthology,python,
bioclaw_hub/copy-number,bioclaw_hub,copy-number,copy-number,CNVkit-style,mixed,
bioclaw_hub/database-access,bioclaw_hub,database-access,database-access,requests,python,
bioclaw_hub/ehr-analysis,bioclaw_hub,ehr-analysis,ehr-analysis,pyhealth,python,
bioclaw_hub/end-to-end-protein-design-workflow,bioclaw_hub,end-to-end-protein-design-workflow,end-to-end-protein-design-workflow,,,orchestration
bioclaw_hub/epitranscriptomics,bioclaw_hub,epitranscriptomics,epitranscriptomics,peak-calling,mixed,
bioclaw_hub/esm2-sequence-scoring,bioclaw_hub,esm2-sequence-scoring,esm2-sequence-scoring,,,design-tools
bioclaw_hub/gene-regulatory-networks,bioclaw_hub,gene-regulatory-networks,gene-regulatory-networks,arboreto-like,python,
bioclaw_hub/genome-assembly,bioclaw_hub,genome-assembly,genome-assembly,assembly,python,
bioclaw_hub/hi-c-3d-genomics,bioclaw_hub,hi-c-3d-genomics,hi-c-3d-genomics,Hi-C,python,
bioclaw_hub/imaging-mass-cytometry,bioclaw_hub,imaging-mass-cytometry,imaging-mass-cytometry,image,python,
bioclaw_hub/long-read-genomics,bioclaw_hub,long-read-genomics,long-read-genomics,long-read,mixed,
bioclaw_hub/machine-learning-for-omics,bioclaw_hub,machine-learning-for-omics,machine-learning-for-omics,scikit-learn,python,
bioclaw_hub/metabolomics,bioclaw_hub,metabolomics,metabolomics,MS-DIAL/XCMS,mixed,
bioclaw_hub/methylation-analysis,bioclaw_hub,methylation-analysis,methylation-analysis,Bismark-like,mixed,
bioclaw_hub/microbiome-amplicon,bioclaw_hub,microbiome-amplicon,microbiome-amplicon,QIIME2-style,mixed,
bioclaw_hub/multi-omics-integration,bioclaw_hub,multi-omics-integration,multi-omics-integration,MOFA+-style,python,
bioclaw_hub/multiome-scatac,bioclaw_hub,multiome-scatac,multiome-scatac,scanpy,python,
bioclaw_hub/pathogen-epi-genomics,bioclaw_hub,pathogen-epi-genomics,pathogen-epi-genomics,phylogenetics,python,
bioclaw_hub/pathway-analysis,bioclaw_hub,pathway-analysis,pathway-analysis,Reactome,python,
bioclaw_hub/phasing-imputation,bioclaw_hub,phasing-imputation,phasing-imputation,phasing,python,
bioclaw_hub/protein-design-qc,bioclaw_hub,protein-design-qc,protein-design-qc,,,evaluation
bioclaw_hub/proteina-complexa,bioclaw_hub,proteina-complexa,proteina-complexa,,,design-tools
bioclaw_hub/read-qc,bioclaw_hub,read-qc,read-qc,fastp,python,
bioclaw_hub/reporting-and-figure-export,bioclaw_hub,reporting-and-figure-export,reporting-and-figure-export,matplotlib,python,
bioclaw_hub/ribo-seq,bioclaw_hub,ribo-seq,ribo-seq,ribo-seq,python,
bioclaw_hub/rna-quantification,bioclaw_hub,rna-quantification,rna-quantification,salmon,mixed,
bioclaw_hub/sequence-and-format-io,bioclaw_hub,sequence-and-format-io,sequence-and-format-io,biopython,python,
bioclaw_hub/small-rna-seq,bioclaw_hub,small-rna-seq,small-rna-seq,miRge3,mixed,
bioclaw_hub/spatial-transcriptomics,bioclaw_hub,spatial-transcriptomics,spatial-transcriptomics,scanpy-like,python,
bioclaw_hub/spr-bli-binding-characterization,bioclaw_hub,spr-bli-binding-characterization,spr-bli-binding-characterization,,,experimental
bioclaw_hub/systems-biology,bioclaw_hub,systems-biology,systems-biology,cobrapy,python,
bioclaw_hub/trajectory-lineage,bioclaw_hub,trajectory-lineage,trajectory-lineage,scanpy,python,
bioclaw_hub/variant-calling,bioclaw_hub,variant-calling,variant-calling,GATK-style,mixed,
bioclaw_hub/workflow-management,bioclaw_hub,workflow-management,workflow-management,Nextflow,mixed,
bioskills/abundance-estimation,bioskills,abundance-estimation,bio-metagenomics-abundance,bracken,cli,
bioskills/acmg-classification,bioskills,acmg-classification,bio-clinical-databases-acmg-classification,requests,python,
bioskills/adapter-trimming,bioskills,adapter-trimming,bio-read-qc-adapter-trimming,cutadapt,cli,
bioskills/adaptive-designs,bioskills,adaptive-designs,bio-clinical-biostatistics-adaptive-designs,rpact,r,
bioskills/admet-prediction,bioskills,admet-prediction,bio-admet-prediction,ADMETlab,python,
bioskills/ago-clip-mirna-targets,bioskills,ago-clip-mirna-targets,bio-clip-seq-ago-clip-mirna-targets,chimeric-eCLIP,mixed,
bioskills/alignment-amplicon-clipping,bioskills,alignment-amplicon-clipping,bio-alignment-amplicon-clipping,samtools,cli,
bioskills/alignment-filtering,bioskills,alignment-filtering,bio-alignment-filtering,samtools,cli,
bioskills/alignment-free-quant,bioskills,alignment-free-quant,bio-rna-quantification-alignment-free-quant,salmon,cli,
bioskills/alignment-indexing,bioskills,alignment-indexing,bio-alignment-indexing,samtools,cli,
bioskills/alignment-io,bioskills,alignment-io,bio-alignment-io,Bio.AlignIO,python,
bioskills/alignment-sorting,bioskills,alignment-sorting,bio-alignment-sorting,samtools,cli,
bioskills/alignment-trimming,bioskills,alignment-trimming,bio-alignment-trimming,ClipKIT,mixed,
bioskills/alignment-validation,bioskills,alignment-validation,bio-alignment-validation,samtools,mixed,
bioskills/allele-specific-accessibility,bioskills,allele-specific-accessibility,bio-atac-seq-allele-specific-accessibility,WASP,mixed,
bioskills/allele-specific-binding,bioskills,allele-specific-binding,bio-chipseq-allele-specific-binding,WASP,mixed,
bioskills/allele-specific-copy-number,bioskills,allele-specific-copy-number,bio-copy-number-allele-specific-copy-number,ascat,mixed,
bioskills/alphafold-predictions,bioskills,alphafold-predictions,bio-structural-biology-alphafold-predictions,requests,python,
bioskills/amplicon-processing,bioskills,amplicon-processing,bio-microbiome-amplicon-processing,dada2,r,
bioskills/amr-detection,bioskills,amr-detection,bio-metagenomics-amr-detection,AMRFinderPlus,cli,
bioskills/amr-surveillance,bioskills,amr-surveillance,bio-epidemiological-genomics-amr-surveillance,AMRFinderPlus,cli,
bioskills/ancestral-reconstruction,bioskills,ancestral-reconstruction,bio-comparative-genomics-ancestral-reconstruction,PAML,mixed,
bioskills/annotation-transfer,bioskills,annotation-transfer,bio-genome-annotation-annotation-transfer,Liftoff,cli,
bioskills/assembly-polishing,bioskills,assembly-polishing,bio-genome-assembly-assembly-polishing,Pilon,cli,
bioskills/assembly-qc,bioskills,assembly-qc,bio-genome-assembly-assembly-qc,QUAST,cli,
bioskills/association-testing,bioskills,association-testing,bio-population-genetics-association-testing,plink2,cli,
bioskills/atac-peak-calling,bioskills,atac-peak-calling,bio-atac-seq-atac-peak-calling,macs3,cli,
bioskills/atac-qc,bioskills,atac-qc,bio-atac-seq-atac-qc,deeptools,mixed,
bioskills/atacseq-pipeline,bioskills,atacseq-pipeline,bio-workflows-atacseq-pipeline,MACS3,mixed,
bioskills/atlas-mapping,bioskills,atlas-mapping,bio-machine-learning-atlas-mapping,scvi-tools,python,
bioskills/automated-qc-reports,bioskills,automated-qc-reports,bio-reporting-automated-qc-reports,multiqc,cli,
bioskills/bagel-essentiality,bioskills,bagel-essentiality,bio-crispr-screens-bagel-essentiality,BAGEL2,cli,
bioskills/bam-statistics,bioskills,bam-statistics,bio-bam-statistics,samtools,cli,
bioskills/base-editing-analysis,bioskills,base-editing-analysis,bio-crispr-screens-base-editing-analysis,CRISPResso2,mixed,
bioskills/base-editing-design,bioskills,base-editing-design,bio-genome-engineering-base-editing-design,BE-Hive,python,
bioskills/basecalling,bioskills,basecalling,bio-basecalling,dorado,cli,
bioskills/batch-correction,bioskills,batch-correction,bio-crispr-screens-batch-correction,pyComBat,mixed,
bioskills/batch-design,bioskills,batch-design,bio-experimental-design-batch-design,sva,r,
bioskills/batch-downloads,bioskills,batch-downloads,bio-batch-downloads,Bio.Entrez,python,
bioskills/batch-integration,bioskills,batch-integration,bio-single-cell-batch-integration,Harmony,mixed,
bioskills/batch-processing,bioskills,batch-processing,bio-batch-processing,Bio.SeqIO,python,
bioskills/bayesian-inference,bioskills,bayesian-inference,bio-phylo-bayesian-inference,MrBayes,mixed,
bioskills/bayesian-trials,bioskills,bayesian-trials,bio-clinical-biostatistics-bayesian-trials,RBesT,r,
bioskills/bead-normalization,bioskills,bead-normalization,bio-flow-cytometry-bead-normalization,CATALYST,r,
bioskills/bed-file-basics,bioskills,bed-file-basics,bio-genome-intervals-bed-file-basics,bedtools,mixed,
bioskills/bedgraph-handling,bioskills,bedgraph-handling,bio-bedgraph-handling,pyBigWig,mixed,
bioskills/bigwig-tracks,bioskills,bigwig-tracks,bio-genome-intervals-bigwig-tracks,pyBigWig,mixed,
bioskills/binding-site-annotation,bioskills,binding-site-annotation,bio-clip-seq-binding-site-annotation,ChIPseeker,mixed,
bioskills/biodiversity-metrics,bioskills,biodiversity-metrics,bio-ecological-genomics-biodiversity-metrics,iNEXT,r,
bioskills/biomarker-discovery,bioskills,biomarker-discovery,bio-machine-learning-biomarker-discovery,boruta,python,
bioskills/biomarker-pipeline,bioskills,biomarker-pipeline,bio-workflows-biomarker-pipeline,sklearn,python,
bioskills/biomart-queries,bioskills,biomart-queries,bio-biomart-queries,pybiomart,mixed,
bioskills/bioskills-installer,bioskills,bioskills-installer,bioskills,,,
bioskills/bioskills__database-access__ortholog-inference,bioskills,bioskills__database-access__ortholog-inference,bio-ortholog-inference,requests,python,
bioskills/bioskills__differential-expression__batch-correction,bioskills,bioskills__differential-expression__batch-correction,bio-differential-expression-batch-correction,sva,r,
bioskills/bioskills__machine-learning__survival-analysis,bioskills,bioskills__machine-learning__survival-analysis,bio-machine-learning-survival-analysis,lifelines,python,
bioskills/bioskills__proteomics__differential-abundance,bioskills,bioskills__proteomics__differential-abundance,bio-proteomics-differential-abundance,limma,mixed,
bioskills/bioskills__restriction-analysis__fragment-analysis,bioskills,bioskills__restriction-analysis__fragment-analysis,bio-restriction-fragment-analysis,Bio.Restriction,python,
bioskills/bioskills__single-cell__doublet-detection,bioskills,bioskills__single-cell__doublet-detection,bio-single-cell-doublet-detection,Scrublet,mixed,
bioskills/bismark-alignment,bioskills,bismark-alignment,bio-methylation-bismark-alignment,bismark,cli,
bioskills/blast-searches,bioskills,blast-searches,bio-blast-searches,Bio.Blast.NCBIWWW,python,
bioskills/bowtie2-alignment,bioskills,bowtie2-alignment,bio-read-alignment-bowtie2-alignment,bowtie2,cli,
bioskills/bwa-alignment,bioskills,bwa-alignment,bio-read-alignment-bwa-alignment,bwa-mem2,cli,
bioskills/categorical-tests,bioskills,categorical-tests,bio-clinical-biostatistics-categorical-tests,scipy,python,
bioskills/causal-genomics-pipeline,bioskills,causal-genomics-pipeline,bio-workflows-causal-genomics-pipeline,TwoSampleMR,r,
bioskills/cdisc-data-handling,bioskills,cdisc-data-handling,bio-clinical-biostatistics-cdisc-data,pyreadstat,python,
bioskills/cell-annotation,bioskills,cell-annotation,bio-single-cell-cell-annotation,CellTypist,mixed,
bioskills/cell-communication,bioskills,cell-communication,bio-single-cell-cell-communication,CellChat,mixed,
bioskills/cell-segmentation,bioskills,cell-segmentation,bio-imaging-mass-cytometry-cell-segmentation,cellpose,python,
bioskills/cfdna-preprocessing,bioskills,cfdna-preprocessing,bio-cfdna-preprocessing,fgbio,python,
bioskills/chip-deep-learning,bioskills,chip-deep-learning,bio-chipseq-chip-deep-learning,chrombpnet,python,
bioskills/chipseq-pipeline,bioskills,chipseq-pipeline,bio-workflows-chipseq-pipeline,MACS3,mixed,
bioskills/chipseq-qc,bioskills,chipseq-qc,bio-chipseq-qc,deepTools,mixed,
bioskills/chipseq-visualization,bioskills,chipseq-visualization,bio-chipseq-visualization,deepTools,mixed,
bioskills/chromatin-state-segmentation,bioskills,chromatin-state-segmentation,bio-chipseq-chromatin-state-segmentation,ChromHMM,cli,
bioskills/circadian-rhythms,bioskills,circadian-rhythms,bio-temporal-genomics-circadian-rhythms,CosinorPy,mixed,
bioskills/circos-plots,bioskills,circos-plots,bio-data-visualization-circos-plots,circlize,mixed,
bioskills/clair3-variants,bioskills,clair3-variants,bio-long-read-sequencing-clair3-variants,Clair3,cli,
bioskills/clinical-biostatistics__survival-analysis,bioskills,clinical-biostatistics__survival-analysis,bio-clinical-biostatistics-survival-analysis,lifelines,mixed,
bioskills/clinical-interpretation,bioskills,clinical-interpretation,bio-variant-calling-clinical-interpretation,InterVar,mixed,
bioskills/clinical-trial-pipeline,bioskills,clinical-trial-pipeline,bio-workflows-clinical-trial-pipeline,statsmodels,python,
bioskills/clinvar-lookup,bioskills,clinvar-lookup,bio-clinical-databases-clinvar-lookup,requests,python,
bioskills/clip-alignment,bioskills,clip-alignment,bio-clip-seq-clip-alignment,STAR,cli,
bioskills/clip-deep-learning,bioskills,clip-deep-learning,bio-clip-seq-clip-deep-learning,RBPNet,python,
bioskills/clip-motif-analysis,bioskills,clip-motif-analysis,bio-clip-seq-clip-motif-analysis,HOMER,mixed,
bioskills/clip-peak-calling,bioskills,clip-peak-calling,bio-clip-seq-clip-peak-calling,CLIPper,cli,
bioskills/clip-pipeline,bioskills,clip-pipeline,bio-workflows-clip-pipeline,CLIPper,mixed,
bioskills/clip-preprocessing,bioskills,clip-preprocessing,bio-clip-seq-clip-preprocessing,umi_tools,cli,
bioskills/clip-qc,bioskills,clip-qc,bio-clip-seq-clip-qc,preseq,mixed,
bioskills/clustering,bioskills,clustering,bio-single-cell-clustering,Seurat,mixed,
bioskills/clustering-phenotyping,bioskills,clustering-phenotyping,bio-flow-cytometry-clustering-phenotyping,CATALYST,r,
bioskills/cnv-annotation,bioskills,cnv-annotation,bio-copy-number-cnv-annotation,bedtools,mixed,
bioskills/cnv-pipeline,bioskills,cnv-pipeline,bio-workflows-cnv-pipeline,CNVkit,mixed,
bioskills/cnv-visualization,bioskills,cnv-visualization,bio-copy-number-cnv-visualization,matplotlib,mixed,
bioskills/cnvkit-analysis,bioskills,cnvkit-analysis,bio-copy-number-cnvkit-analysis,cnvkit,cli,
bioskills/co-accessibility,bioskills,co-accessibility,bio-atac-seq-co-accessibility,cicero,r,
bioskills/codon-usage,bioskills,codon-usage,bio-codon-usage,Bio.SeqUtils.CodonUsage,python,
bioskills/coexpression-networks,bioskills,coexpression-networks,bio-gene-regulatory-networks-coexpression-networks,WGCNA,r,
bioskills/colocalization-analysis,bioskills,colocalization-analysis,bio-causal-genomics-colocalization-analysis,coloc,r,
bioskills/color-palettes,bioskills,color-palettes,bio-data-visualization-color-palettes,viridis,mixed,
bioskills/combinatorial-screens,bioskills,combinatorial-screens,bio-crispr-screens-combinatorial-screens,enCas12a,mixed,
bioskills/community-ecology,bioskills,community-ecology,bio-ecological-genomics-community-ecology,vegan,r,
bioskills/comparative-annotation-projection,bioskills,comparative-annotation-projection,bio-comparative-genomics-comparative-annotation-projection,TOGA,cli,
bioskills/comparative-genomics__ortholog-inference,bioskills,comparative-genomics__ortholog-inference,bio-comparative-genomics-ortholog-inference,OrthoFinder,mixed,
bioskills/compartment-analysis,bioskills,compartment-analysis,bio-hi-c-analysis-compartment-analysis,cooltools,python,
bioskills/compensation-transformation,bioskills,compensation-transformation,bio-flow-cytometry-compensation-transformation,flowCore,r,
bioskills/compressed-files,bioskills,compressed-files,bio-compressed-files,Bio.bgzf,python,
bioskills/conformer-generation,bioskills,conformer-generation,bio-conformer-generation,RDKit,mixed,
bioskills/consensus-peakset,bioskills,consensus-peakset,bio-atac-seq-consensus-peakset,bedtools,mixed,
bioskills/consensus-sequences,bioskills,consensus-sequences,bio-consensus-sequences,bcftools,cli,
bioskills/conservation-genetics,bioskills,conservation-genetics,bio-ecological-genomics-conservation-genetics,hierfstat,mixed,
bioskills/contact-pairs,bioskills,contact-pairs,bio-hi-c-analysis-contact-pairs,pairtools,cli,
bioskills/contamination-detection,bioskills,contamination-detection,bio-genome-assembly-contamination-detection,CheckM2,cli,
bioskills/contamination-screening,bioskills,contamination-screening,bio-read-qc-contamination-screening,fastq_screen,cli,
bioskills/context-specific-models,bioskills,context-specific-models,bio-systems-biology-context-specific-models,cobrapy,python,
bioskills/copy-number-correction,bioskills,copy-number-correction,bio-crispr-screens-copy-number-correction,CRISPRcleanR,mixed,
bioskills/copy-ratio-segmentation,bioskills,copy-ratio-segmentation,bio-copy-number-copy-ratio-segmentation,DNAcopy,mixed,
bioskills/count-matrix-qc,bioskills,count-matrix-qc,bio-rna-quantification-count-matrix-qc,DESeq2,mixed,
bioskills/counts-ingest,bioskills,counts-ingest,bio-expression-matrix-counts-ingest,pandas,python,
bioskills/covalent-design,bioskills,covalent-design,bio-covalent-design,RDKit,python,
bioskills/coverage-analysis,bioskills,coverage-analysis,bio-genome-intervals-coverage-analysis,bedtools,mixed,
bioskills/crispr-editing-pipeline,bioskills,crispr-editing-pipeline,bio-workflows-crispr-editing-pipeline,crisprscan,mixed,
bioskills/crispr-screen-pipeline,bioskills,crispr-screen-pipeline,bio-workflows-crispr-screen-pipeline,MAGeCK,mixed,
bioskills/crispr-screens__batch-correction,bioskills,crispr-screens__batch-correction,bio-crispr-screens-batch-correction,pyComBat,mixed,
bioskills/crispresso-editing,bioskills,crispresso-editing,bio-crispr-screens-crispresso-editing,CRISPResso2,cli,
bioskills/crosslink-site-detection,bioskills,crosslink-site-detection,bio-clip-seq-crosslink-site-detection,PureCLIP,cli,
bioskills/ctdna-mutation-detection,bioskills,ctdna-mutation-detection,bio-ctdna-mutation-detection,VarDict,python,
bioskills/cut-and-run-tag,bioskills,cut-and-run-tag,bio-chipseq-cut-and-run-tag,SEACR,mixed,
bioskills/cwl-workflows,bioskills,cwl-workflows,bio-workflow-management-cwl-workflows,cwltool,cli,
bioskills/cytometry-pipeline,bioskills,cytometry-pipeline,bio-workflows-cytometry-pipeline,CATALYST,r,
bioskills/cytometry-qc,bioskills,cytometry-qc,bio-flow-cytometry-cytometry-qc,flowAI,r,
bioskills/data-harmonization,bioskills,data-harmonization,bio-multi-omics-data-harmonization,MultiAssayExperiment,r,
bioskills/data-import,bioskills,data-import,bio-proteomics-data-import,pyOpenMS,mixed,
bioskills/data-io,bioskills,data-io,bio-single-cell-data-io,Seurat,mixed,
bioskills/data-preprocessing,bioskills,data-preprocessing,bio-imaging-mass-cytometry-data-preprocessing,steinbock,python,
bioskills/database-access__ortholog-inference,bioskills,database-access__ortholog-inference,bio-ortholog-inference,requests,python,
bioskills/dbsnp-queries,bioskills,dbsnp-queries,bio-clinical-databases-dbsnp-queries,myvariant,python,
bioskills/de-results,bioskills,de-results,bio-de-results,DESeq2,r,
bioskills/de-visualization,bioskills,de-visualization,bio-de-visualization,DESeq2,r,
bioskills/deep-learning-atac,bioskills,deep-learning-atac,bio-atac-seq-deep-learning-atac,chrombpnet,python,
bioskills/deepvariant,bioskills,deepvariant,bio-variant-calling-deepvariant,DeepVariant,cli,
bioskills/deseq2-basics,bioskills,deseq2-basics,bio-de-deseq2-basics,DESeq2,r,
bioskills/dia-analysis,bioskills,dia-analysis,bio-proteomics-dia-analysis,diann,cli,
bioskills/differential-abundance,bioskills,differential-abundance,bio-microbiome-differential-abundance,ALDEx2,r,
bioskills/differential-accessibility,bioskills,differential-accessibility,bio-atac-seq-differential-accessibility,DiffBind,r,
bioskills/differential-analysis,bioskills,differential-analysis,bio-flow-cytometry-differential-analysis,CATALYST,r,
bioskills/differential-binding,bioskills,differential-binding,bio-chipseq-differential-binding,DiffBind,mixed,
bioskills/differential-clip,bioskills,differential-clip,bio-clip-seq-differential-clip,DEWSeq,r,
bioskills/differential-cpg-testing,bioskills,differential-cpg-testing,bio-methylation-differential-cpg,scipy,mixed,
bioskills/differential-expression__batch-correction,bioskills,differential-expression__batch-correction,bio-differential-expression-batch-correction,sva,r,
bioskills/differential-mirna,bioskills,differential-mirna,bio-small-rna-seq-differential-mirna,DESeq2,r,
bioskills/differential-networks,bioskills,differential-networks,bio-gene-regulatory-networks-differential-networks,DiffCorr,r,
bioskills/differential-splicing,bioskills,differential-splicing,bio-differential-splicing,rMATS-turbo,mixed,
bioskills/dimensionality-reduction-plots,bioskills,dimensionality-reduction-plots,bio-data-visualization-dimensionality-reduction-plots,scanpy,mixed,
bioskills/distance-calculations,bioskills,distance-calculations,bio-phylo-distance-calculations,Bio.Phylo.TreeConstruction,python,
bioskills/distribution-plots,bioskills,distribution-plots,bio-data-visualization-distribution-plots,ggplot2,mixed,
bioskills/divergence-dating,bioskills,divergence-dating,bio-phylo-divergence-dating,BEAST2,mixed,
bioskills/diversity-analysis,bioskills,diversity-analysis,bio-microbiome-diversity-analysis,phyloseq,r,
bioskills/dmr-detection,bioskills,dmr-detection,bio-methylation-dmr-detection,methylKit,r,
bioskills/doublet-detection,bioskills,doublet-detection,bio-flow-cytometry-doublet-detection,flowCore,r,
bioskills/drugz-chemogenomic,bioskills,drugz-chemogenomic,bio-crispr-screens-drugz-chemogenomic,drugZ,cli,
bioskills/duplicate-handling,bioskills,duplicate-handling,bio-duplicate-handling,samtools,cli,
bioskills/edger-basics,bioskills,edger-basics,bio-de-edger-basics,edgeR,r,
bioskills/edna-metabarcoding,bioskills,edna-metabarcoding,bio-ecological-genomics-edna-metabarcoding,obitools3,mixed,
bioskills/edna-pipeline,bioskills,edna-pipeline,bio-workflows-edna-pipeline,obitools3,mixed,
bioskills/effect-measures,bioskills,effect-measures,bio-clinical-biostatistics-effect-measures,statsmodels,python,
bioskills/effector-gene-prioritization,bioskills,effector-gene-prioritization,bio-causal-genomics-effector-gene-prioritization,MAGMA,mixed,
bioskills/enhancer-gene-linking,bioskills,enhancer-gene-linking,bio-atac-seq-enhancer-gene-linking,ABC-Enhancer-Gene-Prediction,mixed,
bioskills/enrichment-visualization,bioskills,enrichment-visualization,bio-pathway-enrichment-visualization,enrichplot,r,
bioskills/ensembl-rest,bioskills,ensembl-rest,bio-ensembl-rest,requests,python,
bioskills/entrez-fetch,bioskills,entrez-fetch,bio-entrez-fetch,Bio.Entrez,python,
bioskills/entrez-link,bioskills,entrez-link,bio-entrez-link,Bio.Entrez,python,
bioskills/entrez-search,bioskills,entrez-search,bio-entrez-search,Bio.Entrez,python,
bioskills/enzyme-selection,bioskills,enzyme-selection,bio-restriction-enzyme-selection,Bio.Restriction,python,
bioskills/epitope-prediction,bioskills,epitope-prediction,bio-immunoinformatics-epitope-prediction,BepiPred,python,
bioskills/eukaryotic-gene-prediction,bioskills,eukaryotic-gene-prediction,bio-genome-annotation-eukaryotic-gene-prediction,BRAKER3,cli,
bioskills/expression-to-pathways,bioskills,expression-to-pathways,bio-workflows-expression-to-pathways,clusterProfiler,r,
bioskills/fastp-workflow,bioskills,fastp-workflow,bio-read-qc-fastp-workflow,fastp,cli,
bioskills/fastq-quality,bioskills,fastq-quality,bio-fastq-quality,Bio.SeqIO,python,
bioskills/fastq-to-variants,bioskills,fastq-to-variants,bio-workflows-fastq-to-variants,bcftools,cli,
bioskills/fcs-handling,bioskills,fcs-handling,bio-flow-cytometry-fcs-handling,flowCore,r,
bioskills/featurecounts-counting,bioskills,featurecounts-counting,bio-rna-quantification-featurecounts-counting,featureCounts,cli,
bioskills/figure-export,bioskills,figure-export,bio-reporting-figure-export,matplotlib,mixed,
bioskills/filter-sequences,bioskills,filter-sequences,bio-filter-sequences,Bio.SeqIO,python,
bioskills/filtering-best-practices,bioskills,filtering-best-practices,bio-variant-calling-filtering-best-practices,bcftools,mixed,
bioskills/fine-mapping,bioskills,fine-mapping,bio-causal-genomics-fine-mapping,susieR,r,
bioskills/flow-and-transition-plots,bioskills,flow-and-transition-plots,bio-data-visualization-flow-and-transition-plots,ggalluvial,mixed,
bioskills/flow-cytometry__doublet-detection,bioskills,flow-cytometry__doublet-detection,bio-flow-cytometry-doublet-detection,flowCore,r,
bioskills/flux-balance-analysis,bioskills,flux-balance-analysis,bio-systems-biology-flux-balance-analysis,cobrapy,python,
bioskills/focal-amplification-ecdna,bioskills,focal-amplification-ecdna,bio-copy-number-focal-amplification-ecdna,AmpliconArchitect,cli,
bioskills/footprinting,bioskills,footprinting,bio-atac-seq-footprinting,tobias,cli,
bioskills/forest-funnel-plots,bioskills,forest-funnel-plots,bio-data-visualization-forest-funnel-plots,metafor,r,
bioskills/format-conversion,bioskills,format-conversion,bio-format-conversion,Bio.SeqIO,python,
bioskills/fragment-analysis,bioskills,fragment-analysis,bio-fragment-analysis,FinaleToolkit,python,
bioskills/free-energy-calculations,bioskills,free-energy-calculations,bio-free-energy-calculations,OpenFE,mixed,
bioskills/functional-annotation,bioskills,functional-annotation,bio-genome-annotation-functional-annotation,eggNOG-mapper,cli,
bioskills/functional-prediction,bioskills,functional-prediction,bio-microbiome-functional-prediction,picrust2,cli,
bioskills/functional-profiling,bioskills,functional-profiling,bio-metagenomics-functional-profiling,humann,cli,
bioskills/gating-analysis,bioskills,gating-analysis,bio-flow-cytometry-gating-analysis,flowWorkspace,r,
bioskills/gatk-cnv,bioskills,gatk-cnv,bio-copy-number-gatk-cnv,gatk,cli,
bioskills/gatk-variant-calling,bioskills,gatk-variant-calling,bio-gatk-variant-calling,gatk,cli,
bioskills/gene-essentiality,bioskills,gene-essentiality,bio-systems-biology-gene-essentiality,cobrapy,python,
bioskills/gene-family-evolution,bioskills,gene-family-evolution,bio-comparative-genomics-gene-family-evolution,CAFE5,cli,
bioskills/gene-id-mapping,bioskills,gene-id-mapping,bio-expression-matrix-gene-id-mapping,biomaRt,mixed,
bioskills/gene-tree-species-tree-reconciliation,bioskills,gene-tree-species-tree-reconciliation,bio-comparative-genomics-gene-tree-species-tree-reconciliation,ALE,cli,
bioskills/generative-design,bioskills,generative-design,bio-generative-design,REINVENT,python,
bioskills/genetic-correlation,bioskills,genetic-correlation,bio-causal-genomics-genetic-correlation,ldsc,mixed,
bioskills/genome-annotation-pipeline,bioskills,genome-annotation-pipeline,bio-workflows-genome-annotation-pipeline,Bakta,mixed,
bioskills/genome-assembly-pipeline,bioskills,genome-assembly-pipeline,bio-workflows-genome-assembly-pipeline,Flye,cli,
bioskills/genome-distance-and-species-delineation,bioskills,genome-distance-and-species-delineation,bio-comparative-genomics-genome-distance-and-species-delineation,skani,cli,
bioskills/genome-tracks,bioskills,genome-tracks,bio-data-visualization-genome-tracks,pyGenomeTracks,mixed,
bioskills/genomic-sem,bioskills,genomic-sem,bio-causal-genomics-genomic-sem,GenomicSEM,r,
bioskills/genotype-imputation,bioskills,genotype-imputation,bio-phasing-imputation-genotype-imputation,beagle,cli,
bioskills/geo-data,bioskills,geo-data,bio-geo-data,Bio.Entrez,mixed,
bioskills/geometric-analysis,bioskills,geometric-analysis,bio-pdb-geometric-analysis,Bio.PDB,python,
bioskills/germline-cnv-interpretation,bioskills,germline-cnv-interpretation,bio-copy-number-germline-cnv-interpretation,ClassifyCNV,mixed,
bioskills/ggplot2-fundamentals,bioskills,ggplot2-fundamentals,bio-data-visualization-ggplot2-fundamentals,ggplot2,r,
bioskills/gnomad-frequencies,bioskills,gnomad-frequencies,bio-clinical-databases-gnomad-frequencies,requests,python,
bioskills/go-enrichment,bioskills,go-enrichment,bio-pathway-go-enrichment,clusterProfiler,r,
bioskills/grn-pipeline,bioskills,grn-pipeline,bio-workflows-grn-pipeline,pySCENIC,python,
bioskills/grna-design,bioskills,grna-design,bio-genome-engineering-grna-design,crisprscan,python,
bioskills/gsea,bioskills,gsea,bio-pathway-gsea,clusterProfiler,r,
bioskills/gtf-gff-handling,bioskills,gtf-gff-handling,bio-genome-intervals-gtf-gff-handling,gffread,mixed,
bioskills/gwas-pipeline,bioskills,gwas-pipeline,bio-workflows-gwas-pipeline,PLINK2,mixed,
bioskills/haplotype-phasing,bioskills,haplotype-phasing,bio-phasing-imputation-haplotype-phasing,beagle,cli,
bioskills/hdr-template-design,bioskills,hdr-template-design,bio-genome-engineering-hdr-template-design,primer3-py,python,
bioskills/heatmaps-clustering,bioskills,heatmaps-clustering,bio-data-visualization-heatmaps-clustering,ComplexHeatmap,mixed,
bioskills/heritability-partitioning,bioskills,heritability-partitioning,bio-causal-genomics-heritability-partitioning,ldsc,mixed,
bioskills/hgt-detection,bioskills,hgt-detection,bio-comparative-genomics-hgt-detection,HGTector,mixed,
bioskills/hic-data-io,bioskills,hic-data-io,bio-hi-c-analysis-hic-data-io,cooler,mixed,
bioskills/hic-differential,bioskills,hic-differential,bio-hi-c-analysis-hic-differential,cooltools,python,
bioskills/hic-pipeline,bioskills,hic-pipeline,bio-workflows-hic-pipeline,cooler,mixed,
bioskills/hic-visualization,bioskills,hic-visualization,bio-hi-c-analysis-hic-visualization,cooltools,python,
bioskills/hifi-assembly,bioskills,hifi-assembly,bio-genome-assembly-hifi-assembly,hifiasm,cli,
bioskills/hisat2-alignment,bioskills,hisat2-alignment,bio-read-alignment-hisat2-alignment,HISAT2,cli,
bioskills/hit-calling,bioskills,hit-calling,bio-crispr-screens-hit-calling,MAGeCK,mixed,
bioskills/hla-typing,bioskills,hla-typing,bio-clinical-databases-hla-typing,T1K,cli,
bioskills/hrd-scoring,bioskills,hrd-scoring,bio-copy-number-hrd-scoring,scarHRD,mixed,
bioskills/image-analysis,bioskills,image-analysis,bio-spatial-transcriptomics-image-analysis,squidpy,python,
bioskills/imc-pipeline,bioskills,imc-pipeline,bio-workflows-imc-pipeline,steinbock,python,
bioskills/immcantation-analysis,bioskills,immcantation-analysis,bio-tcr-bcr-analysis-immcantation-analysis,alakazam,r,
bioskills/immunogenicity-scoring,bioskills,immunogenicity-scoring,bio-immunoinformatics-immunogenicity-scoring,mhcflurry,python,
bioskills/imputation-qc,bioskills,imputation-qc,bio-phasing-imputation-imputation-qc,bcftools,mixed,
bioskills/in-vivo-screens,bioskills,in-vivo-screens,bio-crispr-screens-in-vivo-screens,MAGeCK,mixed,
bioskills/interaction-databases,bioskills,interaction-databases,bio-interaction-databases,requests,python,
bioskills/interactive-annotation,bioskills,interactive-annotation,bio-imaging-mass-cytometry-interactive-annotation,napari,python,
bioskills/interactive-visualization,bioskills,interactive-visualization,bio-data-visualization-interactive-visualization,plotly,mixed,
bioskills/interval-arithmetic,bioskills,interval-arithmetic,bio-genome-intervals-interval-arithmetic,bedtools,mixed,
bioskills/introgression-detection,bioskills,introgression-detection,bio-comparative-genomics-introgression-detection,Dsuite,cli,
bioskills/isoform-switching,bioskills,isoform-switching,bio-isoform-switching,IsoformSwitchAnalyzeR,r,
bioskills/isoseq-analysis,bioskills,isoseq-analysis,bio-long-read-sequencing-isoseq-analysis,IsoSeq3,cli,
bioskills/jacks-analysis,bioskills,jacks-analysis,bio-crispr-screens-jacks-analysis,JACKS,python,
bioskills/joint-calling,bioskills,joint-calling,bio-variant-calling-joint-calling,GATK,cli,
bioskills/jupyter-reports,bioskills,jupyter-reports,bio-reporting-jupyter-reports,papermill,python,
bioskills/kegg-pathways,bioskills,kegg-pathways,bio-pathway-kegg-pathways,clusterProfiler,r,
bioskills/kraken-classification,bioskills,kraken-classification,bio-metagenomics-kraken,kraken2,cli,
bioskills/landscape-genomics,bioskills,landscape-genomics,bio-ecological-genomics-landscape-genomics,LEA,r,
bioskills/library-design,bioskills,library-design,bio-crispr-screens-library-design,CRISPOR,mixed,
bioskills/lineage-tracing,bioskills,lineage-tracing,bio-single-cell-lineage-tracing,Cassiopeia,python,
bioskills/linkage-disequilibrium,bioskills,linkage-disequilibrium,bio-population-genetics-linkage-disequilibrium,plink2,mixed,
bioskills/lipidomics,bioskills,lipidomics,bio-metabolomics-lipidomics,lipidr,mixed,
bioskills/liquid-biopsy-pipeline,bioskills,liquid-biopsy-pipeline,bio-liquid-biopsy-pipeline,ichorCNA,mixed,
bioskills/liquid-biopsy__fragment-analysis,bioskills,liquid-biopsy__fragment-analysis,bio-fragment-analysis,FinaleToolkit,python,
bioskills/local-blast,bioskills,local-blast,bio-local-blast,BLAST+,cli,
bioskills/logistic-regression,bioskills,logistic-regression,bio-clinical-biostatistics-logistic-regression,statsmodels,python,
bioskills/lollipop-protein-maps,bioskills,lollipop-protein-maps,bio-data-visualization-lollipop-protein-maps,maftools,mixed,
bioskills/long-read-alignment,bioskills,long-read-alignment,bio-longread-alignment,minimap2,cli,
bioskills/long-read-assembly,bioskills,long-read-assembly,bio-genome-assembly-long-read-assembly,Flye,cli,
bioskills/long-read-qc,bioskills,long-read-qc,bio-longread-qc,nanoplot,cli,
bioskills/long-read-splicing,bioskills,long-read-splicing,,,,
bioskills/longitudinal-monitoring,bioskills,longitudinal-monitoring,bio-longitudinal-monitoring,pandas,python,
bioskills/longread-sv-pipeline,bioskills,longread-sv-pipeline,bio-workflows-longread-sv-pipeline,Sniffles,cli,
bioskills/loop-calling,bioskills,loop-calling,bio-hi-c-analysis-loop-calling,cooltools,mixed,
bioskills/m6a-clip,bioskills,m6a-clip,bio-clip-seq-m6a-clip,miCLIP2,mixed,
bioskills/m6a-differential,bioskills,m6a-differential,bio-epitranscriptomics-m6a-differential,exomePeak2,r,
bioskills/m6a-peak-calling,bioskills,m6a-peak-calling,bio-epitranscriptomics-m6a-peak-calling,exomePeak2,mixed,
bioskills/m6anet-analysis,bioskills,m6anet-analysis,bio-epitranscriptomics-m6anet-analysis,m6Anet,python,
bioskills/machine-learning__survival-analysis,bioskills,machine-learning__survival-analysis,bio-machine-learning-survival-analysis,lifelines,python,
bioskills/mageck-analysis,bioskills,mageck-analysis,bio-crispr-screens-mageck-analysis,MAGeCK,cli,
bioskills/manhattan-qq-locuszoom,bioskills,manhattan-qq-locuszoom,bio-data-visualization-manhattan-qq-locuszoom,qqman,mixed,
bioskills/markers-annotation,bioskills,markers-annotation,bio-single-cell-markers-annotation,Seurat,mixed,
bioskills/matplotlib-fundamentals,bioskills,matplotlib-fundamentals,bio-data-visualization-matplotlib-fundamentals,matplotlib,python,
bioskills/matrix-operations,bioskills,matrix-operations,bio-hi-c-analysis-matrix-operations,cooltools,python,
bioskills/medaka-polishing,bioskills,medaka-polishing,bio-longread-medaka,medaka,cli,
bioskills/mediation-analysis,bioskills,mediation-analysis,bio-causal-genomics-mediation-analysis,mediation,mixed,
bioskills/mendelian-randomization,bioskills,mendelian-randomization,bio-causal-genomics-mendelian-randomization,TwoSampleMR,mixed,
bioskills/merip-pipeline,bioskills,merip-pipeline,bio-workflows-merip-pipeline,exomePeak2,mixed,
bioskills/merip-preprocessing,bioskills,merip-preprocessing,bio-epitranscriptomics-merip-preprocessing,STAR,cli,
bioskills/metabolic-modeling-pipeline,bioskills,metabolic-modeling-pipeline,bio-workflows-metabolic-modeling-pipeline,cobrapy,mixed,
bioskills/metabolic-reconstruction,bioskills,metabolic-reconstruction,bio-systems-biology-metabolic-reconstruction,CarveMe,cli,
bioskills/metabolite-annotation,bioskills,metabolite-annotation,bio-metabolomics-metabolite-annotation,HMDB,mixed,
bioskills/metabolite-communication,bioskills,metabolite-communication,bio-single-cell-metabolite-communication,MeboCost,python,
bioskills/metabolomics-pipeline,bioskills,metabolomics-pipeline,bio-workflows-metabolomics-pipeline,XCMS,r,
bioskills/metadata-joins,bioskills,metadata-joins,bio-expression-matrix-metadata-joins,pandas,mixed,
bioskills/metagenome-assembly,bioskills,metagenome-assembly,bio-genome-assembly-metagenome-assembly,metaFlye,cli,
bioskills/metagenome-visualization,bioskills,metagenome-visualization,bio-metagenomics-visualization,phyloseq,mixed,
bioskills/metagenomics-pipeline,bioskills,metagenomics-pipeline,bio-workflows-metagenomics-pipeline,Kraken2,cli,
bioskills/metaphlan-profiling,bioskills,metaphlan-profiling,bio-metagenomics-metaphlan,metaphlan,cli,
bioskills/methylation-based-detection,bioskills,methylation-based-detection,bio-methylation-based-detection,MethylDackel,python,
bioskills/methylation-calling,bioskills,methylation-calling,bio-methylation-calling,bismark,cli,
bioskills/methylation-pipeline,bioskills,methylation-pipeline,bio-workflows-methylation-pipeline,Bismark,mixed,
bioskills/methylkit-analysis,bioskills,methylkit-analysis,bio-methylation-methylkit,methylKit,r,
bioskills/mhc-binding-prediction,bioskills,mhc-binding-prediction,bio-immunoinformatics-mhc-binding-prediction,mhcflurry,python,
bioskills/microbiome-pipeline,bioskills,microbiome-pipeline,bio-workflows-microbiome-pipeline,dada2,r,
bioskills/microbiome__differential-abundance,bioskills,microbiome__differential-abundance,bio-microbiome-differential-abundance,ALDEx2,r,
bioskills/mirdeep2-analysis,bioskills,mirdeep2-analysis,bio-small-rna-seq-mirdeep2-analysis,miRDeep2,cli,
bioskills/mirge3-analysis,bioskills,mirge3-analysis,bio-small-rna-seq-mirge3-analysis,miRge3,python,
bioskills/missing-data-sensitivity,bioskills,missing-data-sensitivity,bio-clinical-biostatistics-missing-data,rbmi,mixed,
bioskills/mixcr-analysis,bioskills,mixcr-analysis,bio-tcr-bcr-analysis-mixcr-analysis,MiXCR,cli,
bioskills/mixomics-analysis,bioskills,mixomics-analysis,bio-multi-omics-mixomics-analysis,mixOmics,r,
bioskills/ml-docking-rescoring,bioskills,ml-docking-rescoring,,,,
bioskills/model-curation,bioskills,model-curation,bio-systems-biology-model-curation,memote,python,
bioskills/model-validation,bioskills,model-validation,bio-machine-learning-model-validation,sklearn,python,
bioskills/modern-structure-prediction,bioskills,modern-structure-prediction,bio-structural-biology-modern-structure-prediction,ESMFold,python,
bioskills/modern-tree-inference,bioskills,modern-tree-inference,bio-phylo-modern-tree-inference,IQ-TREE2,cli,
bioskills/modification-visualization,bioskills,modification-visualization,bio-epitranscriptomics-modification-visualization,Guitar,r,
bioskills/mofa-integration,bioskills,mofa-integration,bio-multi-omics-mofa-integration,MOFA2,r,
bioskills/molecular-descriptors,bioskills,molecular-descriptors,bio-molecular-descriptors,RDKit,python,
bioskills/molecular-io,bioskills,molecular-io,bio-molecular-io,RDKit,python,
bioskills/molecular-standardization,bioskills,molecular-standardization,bio-molecular-standardization,RDKit,python,
bioskills/motif-analysis,bioskills,motif-analysis,bio-chipseq-motif-analysis,HOMER,cli,
bioskills/motif-deviation,bioskills,motif-deviation,bio-atac-seq-motif-deviation,chromVAR,r,
bioskills/motif-search,bioskills,motif-search,bio-motif-search,Bio.motifs,python,
bioskills/msa-parsing,bioskills,msa-parsing,bio-alignment-msa-parsing,Bio.AlignIO,python,
bioskills/msa-statistics,bioskills,msa-statistics,bio-alignment-msa-statistics,Bio.Align,python,
bioskills/msdial-preprocessing,bioskills,msdial-preprocessing,bio-metabolomics-msdial-preprocessing,msdial,mixed,
bioskills/msi-detection,bioskills,msi-detection,bio-clinical-databases-msi-detection,MSIsensor-pro,cli,
bioskills/multi-omics-pipeline,bioskills,multi-omics-pipeline,bio-workflows-multi-omics-pipeline,MOFA2,r,
bioskills/multimodal-integration,bioskills,multimodal-integration,bio-single-cell-multimodal-integration,Seurat,mixed,
bioskills/multiome-pipeline,bioskills,multiome-pipeline,bio-workflows-multiome-pipeline,Seurat,r,
bioskills/multiomics-grn,bioskills,multiomics-grn,bio-gene-regulatory-networks-multiomics-grn,SCENIC+,python,
bioskills/multipanel-figures,bioskills,multipanel-figures,bio-data-visualization-multipanel-figures,patchwork,mixed,
bioskills/multiple-alignment,bioskills,multiple-alignment,bio-alignment-multiple,MAFFT,mixed,
bioskills/multiple-testing,bioskills,multiple-testing,bio-experimental-design-multiple-testing,qvalue,r,
bioskills/multiplicity-graphical,bioskills,multiplicity-graphical,bio-clinical-biostatistics-multiplicity-graphical,gMCP,r,
bioskills/myvariant-queries,bioskills,myvariant-queries,bio-clinical-databases-myvariant-queries,myvariant,python,
bioskills/nanopore-methylation,bioskills,nanopore-methylation,bio-long-read-sequencing-nanopore-methylation,modkit,cli,
bioskills/ncbi-datasets-cli,bioskills,ncbi-datasets-cli,bio-ncbi-datasets-cli,NCBI Datasets CLI,cli,
bioskills/ncrna-annotation,bioskills,ncrna-annotation,bio-genome-annotation-ncrna-annotation,Infernal,cli,
bioskills/ncrna-search,bioskills,ncrna-search,bio-rna-structure-ncrna-search,Infernal,cli,
bioskills/neoantigen-pipeline,bioskills,neoantigen-pipeline,bio-workflows-neoantigen-pipeline,pVACtools,mixed,
bioskills/neoantigen-prediction,bioskills,neoantigen-prediction,bio-immunoinformatics-neoantigen-prediction,pVACtools,python,
bioskills/network-visualization,bioskills,network-visualization,bio-data-visualization-network-visualization,NetworkX,python,
bioskills/nextflow-pipelines,bioskills,nextflow-pipelines,bio-workflow-management-nextflow-pipelines,Nextflow,cli,
bioskills/normalization,bioskills,normalization,bio-expression-matrix-normalization,DESeq2,mixed,
bioskills/normalization-qc,bioskills,normalization-qc,bio-metabolomics-normalization-qc,MetaboAnalystR,r,
bioskills/nucleosome-positioning,bioskills,nucleosome-positioning,bio-atac-seq-nucleosome-positioning,NucleoATAC,mixed,
bioskills/off-target-prediction,bioskills,off-target-prediction,bio-genome-engineering-off-target-prediction,Cas-OFFinder,cli,
bioskills/omics-classifiers,bioskills,omics-classifiers,bio-machine-learning-omics-classifiers,sklearn,python,
bioskills/oncoprint-mutation-matrices,bioskills,oncoprint-mutation-matrices,bio-data-visualization-oncoprint-mutation-matrices,ComplexHeatmap,mixed,
bioskills/orf-detection,bioskills,orf-detection,bio-ribo-seq-orf-detection,RiboCode,mixed,
bioskills/ortholog-inference,bioskills,ortholog-inference,bio-comparative-genomics-ortholog-inference,OrthoFinder,mixed,
bioskills/outbreak-pipeline,bioskills,outbreak-pipeline,bio-workflows-outbreak-pipeline,mlst,mixed,
bioskills/outlier-splicing-detection,bioskills,outlier-splicing-detection,bio-outlier-splicing-detection,FRASER,r,
bioskills/paired-end-fastq,bioskills,paired-end-fastq,bio-paired-end-fastq,Bio.SeqIO,python,
bioskills/pairwise-alignment,bioskills,pairwise-alignment,bio-alignment-pairwise,Bio.Align,python,
bioskills/pangenome-analysis,bioskills,pangenome-analysis,bio-comparative-genomics-pangenome-analysis,Panaroo,cli,
bioskills/pathogen-typing,bioskills,pathogen-typing,bio-epidemiological-genomics-pathogen-typing,mlst,cli,
bioskills/pathway-mapping,bioskills,pathway-mapping,bio-metabolomics-pathway-mapping,MetaboAnalystR,r,
bioskills/peak-annotation,bioskills,peak-annotation,bio-chipseq-peak-annotation,ChIPseeker,mixed,
bioskills/peak-calling,bioskills,peak-calling,bio-chipseq-peak-calling,macs3,cli,
bioskills/peptide-identification,bioskills,peptide-identification,bio-proteomics-peptide-identification,pyOpenMS,mixed,
bioskills/periodicity-detection,bioskills,periodicity-detection,bio-temporal-genomics-periodicity-detection,scipy,python,
bioskills/perturb-seq,bioskills,perturb-seq,bio-single-cell-perturb-seq,Pertpy,python,
bioskills/perturb-seq-analysis,bioskills,perturb-seq-analysis,bio-crispr-screens-perturb-seq-analysis,Pertpy,python,
bioskills/perturbation-simulation,bioskills,perturbation-simulation,bio-gene-regulatory-networks-perturbation-simulation,CellOracle,python,
bioskills/pharmacogenomics,bioskills,pharmacogenomics,bio-clinical-databases-pharmacogenomics,PharmCAT,mixed,
bioskills/pharmacophore-modeling,bioskills,pharmacophore-modeling,bio-pharmacophore-modeling,RDKit,python,
bioskills/phenotyping,bioskills,phenotyping,bio-imaging-mass-cytometry-phenotyping,scanpy,python,
bioskills/phylodynamics,bioskills,phylodynamics,bio-epidemiological-genomics-phylodynamics,TreeTime,python,
bioskills/pileup-generation,bioskills,pileup-generation,bio-pileup-generation,samtools,cli,
bioskills/pleiotropy-detection,bioskills,pleiotropy-detection,bio-causal-genomics-pleiotropy-detection,TwoSampleMR,r,
bioskills/plink-basics,bioskills,plink-basics,bio-population-genetics-plink-basics,plink,cli,
bioskills/polygenic-risk,bioskills,polygenic-risk,bio-clinical-databases-polygenic-risk,PGS Catalog Calculator,mixed,
bioskills/population-structure,bioskills,population-structure,bio-population-genetics-population-structure,plink2,cli,
bioskills/pose-validation,bioskills,pose-validation,bio-pose-validation,PoseBusters,python,
bioskills/positive-selection,bioskills,positive-selection,bio-comparative-genomics-positive-selection,PAML,mixed,
bioskills/power-analysis,bioskills,power-analysis,bio-experimental-design-power-analysis,RNASeqPower,r,
bioskills/power-and-sample-size,bioskills,power-and-sample-size,bio-clinical-biostatistics-power-sample-size,statsmodels,mixed,
bioskills/prediction-explanation,bioskills,prediction-explanation,bio-machine-learning-prediction-explanation,shap,python,
bioskills/preprocessing,bioskills,preprocessing,bio-single-cell-preprocessing,Seurat,mixed,
bioskills/prime-editing-design,bioskills,prime-editing-design,bio-genome-engineering-prime-editing-design,PrimeDesign,python,
bioskills/prime-editing-screens,bioskills,prime-editing-screens,bio-crispr-screens-prime-editing-screens,PRIDICT2,mixed,
bioskills/primer-basics,bioskills,primer-basics,bio-primer-design-primer-basics,primer3-py,python,
bioskills/primer-validation,bioskills,primer-validation,bio-primer-design-primer-validation,primer3-py,python,
bioskills/prokaryotic-annotation,bioskills,prokaryotic-annotation,bio-genome-annotation-prokaryotic-annotation,Bakta,cli,
bioskills/protac-degraders,bioskills,protac-degraders,bio-protac-degraders,PRosettaC,python,
bioskills/protein-inference,bioskills,protein-inference,bio-proteomics-protein-inference,pyOpenMS,mixed,
bioskills/proteome-mr-drug-target,bioskills,proteome-mr-drug-target,bio-causal-genomics-proteome-mr-drug-target,TwoSampleMR,mixed,
bioskills/proteomics-pipeline,bioskills,proteomics-pipeline,bio-workflows-proteomics-pipeline,limma,mixed,
bioskills/proteomics-qc,bioskills,proteomics-qc,bio-proteomics-proteomics-qc,pandas,mixed,
bioskills/proteomics__differential-abundance,bioskills,proteomics__differential-abundance,bio-proteomics-differential-abundance,limma,mixed,
bioskills/proximity-operations,bioskills,proximity-operations,bio-genome-intervals-proximity-operations,bedtools,mixed,
bioskills/ptm-analysis,bioskills,ptm-analysis,bio-proteomics-ptm-analysis,pyOpenMS,mixed,
bioskills/qiime2-workflow,bioskills,qiime2-workflow,bio-microbiome-qiime2-workflow,qiime2,cli,
bioskills/qpcr-primers,bioskills,qpcr-primers,bio-primer-design-qpcr-primers,primer3-py,python,
bioskills/qsar-modeling,bioskills,qsar-modeling,bio-qsar-modeling,chemprop,python,
bioskills/quality-filtering,bioskills,quality-filtering,bio-read-qc-quality-filtering,trimmomatic,cli,
bioskills/quality-metrics,bioskills,quality-metrics,bio-imaging-mass-cytometry-quality-metrics,numpy,python,
bioskills/quality-reports,bioskills,quality-reports,bio-read-qc-quality-reports,fastqc,cli,
bioskills/quantification,bioskills,quantification,bio-proteomics-quantification,MSstats,mixed,
bioskills/quarto-reports,bioskills,quarto-reports,bio-reporting-quarto-reports,Quarto,mixed,
bioskills/reaction-enumeration,bioskills,reaction-enumeration,bio-reaction-enumeration,RDKit,python,
bioskills/reactome-pathways,bioskills,reactome-pathways,bio-pathway-reactome,ReactomePA,r,
bioskills/read-sequences,bioskills,read-sequences,bio-read-sequences,Bio.SeqIO,python,
bioskills/recurrent-cnv,bioskills,recurrent-cnv,bio-copy-number-recurrent-cnv,gistic2,mixed,
bioskills/reference-operations,bioskills,reference-operations,bio-reference-operations,samtools,cli,
bioskills/reference-panels,bioskills,reference-panels,bio-phasing-imputation-reference-panels,bcftools,cli,
bioskills/remote-homology,bioskills,remote-homology,bio-remote-homology,HMMER,mixed,
bioskills/repeat-annotation,bioskills,repeat-annotation,bio-genome-annotation-repeat-annotation,RepeatMasker,cli,
bioskills/repertoire-visualization,bioskills,repertoire-visualization,bio-tcr-bcr-analysis-repertoire-visualization,VDJtools,mixed,
bioskills/restriction-analysis__fragment-analysis,bioskills,restriction-analysis__fragment-analysis,bio-restriction-fragment-analysis,Bio.Restriction,python,
bioskills/restriction-mapping,bioskills,restriction-mapping,bio-restriction-mapping,Bio.Restriction,python,
bioskills/restriction-sites,bioskills,restriction-sites,bio-restriction-sites,Bio.Restriction,python,
bioskills/retrosynthesis,bioskills,retrosynthesis,bio-retrosynthesis,AiZynthFinder,python,
bioskills/reverse-complement,bioskills,reverse-complement,bio-reverse-complement,Bio.Seq,python,
bioskills/riboseq-pipeline,bioskills,riboseq-pipeline,bio-workflows-riboseq-pipeline,Plastid,mixed,
bioskills/riboseq-preprocessing,bioskills,riboseq-preprocessing,bio-ribo-seq-riboseq-preprocessing,bowtie2,cli,
bioskills/ribosome-periodicity,bioskills,ribosome-periodicity,bio-ribo-seq-ribosome-periodicity,Plastid,python,
bioskills/ribosome-stalling,bioskills,ribosome-stalling,bio-ribo-seq-ribosome-stalling,Plastid,python,
bioskills/rmarkdown-reports,bioskills,rmarkdown-reports,bio-reporting-rmarkdown-reports,rmarkdown,r,
bioskills/rnaseq-qc,bioskills,rnaseq-qc,bio-rnaseq-qc,RSeQC,mixed,
bioskills/rnaseq-to-de,bioskills,rnaseq-to-de,bio-workflows-rnaseq-to-de,DESeq2,mixed,
bioskills/sam-bam-basics,bioskills,sam-bam-basics,bio-sam-bam-basics,samtools,cli,
bioskills/sample-size,bioskills,sample-size,bio-experimental-design-sample-size,ssizeRNA,r,
bioskills/sashimi-plots,bioskills,sashimi-plots,bio-sashimi-plots,ggsashimi,python,
bioskills/scaffold-analysis,bioskills,scaffold-analysis,bio-scaffold-analysis,RDKit,python,
bioskills/scaffolding,bioskills,scaffolding,bio-genome-assembly-scaffolding,YaHS,cli,
bioskills/scatac-analysis,bioskills,scatac-analysis,bio-single-cell-scatac-analysis,Signac,r,
bioskills/scenic-regulons,bioskills,scenic-regulons,bio-gene-regulatory-networks-scenic-regulons,pySCENIC,python,
bioskills/scikit-allel-analysis,bioskills,scikit-allel-analysis,bio-population-genetics-scikit-allel-analysis,scikit-allel,python,
bioskills/scirpy-analysis,bioskills,scirpy-analysis,bio-tcr-bcr-analysis-scirpy-analysis,scirpy,python,
bioskills/screen-qc,bioskills,screen-qc,bio-crispr-screens-screen-qc,MAGeCK-VISPR,python,
bioskills/scrnaseq-pipeline,bioskills,scrnaseq-pipeline,bio-workflows-scrnaseq-pipeline,Seurat,mixed,
bioskills/secondary-structure-prediction,bioskills,secondary-structure-prediction,bio-rna-structure-secondary-structure-prediction,ViennaRNA,cli,
bioskills/selection-statistics,bioskills,selection-statistics,bio-population-genetics-selection-statistics,scikit-allel,mixed,
bioskills/seq-objects,bioskills,seq-objects,bio-seq-objects,Bio.Seq,python,
bioskills/sequence-logos,bioskills,sequence-logos,bio-data-visualization-sequence-logos,ggseqlogo,mixed,
bioskills/sequence-properties,bioskills,sequence-properties,bio-sequence-properties,Bio.SeqUtils,python,
bioskills/sequence-slicing,bioskills,sequence-slicing,bio-sequence-slicing,Bio.Seq,python,
bioskills/sequence-statistics,bioskills,sequence-statistics,bio-sequence-statistics,Bio.SeqIO,python,
bioskills/shape-similarity,bioskills,shape-similarity,bio-shape-similarity,RDKit,python,
bioskills/short-read-assembly,bioskills,short-read-assembly,bio-genome-assembly-short-read-assembly,SPAdes,cli,
bioskills/similarity-network,bioskills,similarity-network,bio-multi-omics-similarity-network,SNFtool,r,
bioskills/similarity-searching,bioskills,similarity-searching,bio-similarity-searching,RDKit,python,
bioskills/single-cell-atac,bioskills,single-cell-atac,bio-atac-seq-single-cell-atac,Signac,mixed,
bioskills/single-cell-splicing,bioskills,single-cell-splicing,bio-single-cell-splicing,MARVEL,python,
bioskills/single-cell__doublet-detection,bioskills,single-cell__doublet-detection,bio-single-cell-doublet-detection,Scrublet,mixed,
bioskills/smrna-pipeline,bioskills,smrna-pipeline,bio-workflows-smrna-pipeline,miRDeep2,mixed,
bioskills/smrna-preprocessing,bioskills,smrna-preprocessing,bio-small-rna-seq-smrna-preprocessing,cutadapt,cli,
bioskills/snakemake-workflows,bioskills,snakemake-workflows,bio-workflow-management-snakemake-workflows,Snakemake,python,
bioskills/somatic-signatures,bioskills,somatic-signatures,bio-clinical-databases-somatic-signatures,SigProfilerAssignment,mixed,
bioskills/somatic-variant-pipeline,bioskills,somatic-variant-pipeline,bio-workflows-somatic-variant-pipeline,GATK Mutect2,cli,
bioskills/sparse-handling,bioskills,sparse-handling,bio-expression-matrix-sparse-handling,scipy.sparse,python,
bioskills/spatial-analysis,bioskills,spatial-analysis,bio-imaging-mass-cytometry-spatial-analysis,squidpy,python,
bioskills/spatial-communication,bioskills,spatial-communication,bio-spatial-transcriptomics-spatial-communication,squidpy,python,
bioskills/spatial-data-io,bioskills,spatial-data-io,bio-spatial-transcriptomics-spatial-data-io,squidpy,python,
bioskills/spatial-deconvolution,bioskills,spatial-deconvolution,bio-spatial-transcriptomics-spatial-deconvolution,cell2location,python,
bioskills/spatial-domains,bioskills,spatial-domains,bio-spatial-transcriptomics-spatial-domains,squidpy,python,
bioskills/spatial-multiomics,bioskills,spatial-multiomics,bio-spatial-transcriptomics-spatial-multiomics,squidpy,python,
bioskills/spatial-neighbors,bioskills,spatial-neighbors,bio-spatial-transcriptomics-spatial-neighbors,squidpy,python,
bioskills/spatial-pipeline,bioskills,spatial-pipeline,bio-workflows-spatial-pipeline,Squidpy,python,
bioskills/spatial-preprocessing,bioskills,spatial-preprocessing,bio-spatial-transcriptomics-spatial-preprocessing,squidpy,python,
bioskills/spatial-proteomics,bioskills,spatial-proteomics,bio-spatial-transcriptomics-spatial-proteomics,scimap,python,
bioskills/spatial-statistics,bioskills,spatial-statistics,bio-spatial-transcriptomics-spatial-statistics,squidpy,python,
bioskills/spatial-visualization,bioskills,spatial-visualization,bio-spatial-transcriptomics-spatial-visualization,squidpy,python,
bioskills/species-delimitation,bioskills,species-delimitation,bio-ecological-genomics-species-delimitation,ASAP,mixed,
bioskills/species-trees,bioskills,species-trees,bio-phylo-species-trees,ASTRAL-III,mixed,
bioskills/spectral-libraries,bioskills,spectral-libraries,bio-proteomics-spectral-libraries,encyclopedia,mixed,
bioskills/spike-in-normalization,bioskills,spike-in-normalization,bio-chipseq-spike-in-normalization,DiffBind,mixed,
bioskills/splice-variant-prediction,bioskills,splice-variant-prediction,bio-splice-variant-prediction,SpliceAI,python,
bioskills/splicing-pipeline,bioskills,splicing-pipeline,bio-splicing-pipeline,rMATS-turbo,mixed,
bioskills/splicing-qc,bioskills,splicing-qc,bio-splicing-qc,RSeQC,python,
bioskills/splicing-quantification,bioskills,splicing-quantification,bio-splicing-quantification,rMATS-turbo,mixed,
bioskills/sra-data,bioskills,sra-data,bio-sra-data,sra-tools,cli,
bioskills/stamp-antibody-free,bioskills,stamp-antibody-free,bio-clip-seq-stamp-antibody-free,STAMP,mixed,
bioskills/star-alignment,bioskills,star-alignment,bio-read-alignment-star-alignment,STAR,cli,
bioskills/statistical-analysis,bioskills,statistical-analysis,bio-metabolomics-statistical-analysis,limma,mixed,
bioskills/statistical-annotation,bioskills,statistical-annotation,bio-data-visualization-statistical-annotation,ggpubr,mixed,
bioskills/strain-tracking,bioskills,strain-tracking,bio-metagenomics-strain-tracking,MASH,cli,
bioskills/structural-alignment,bioskills,structural-alignment,bio-alignment-structural,Foldseek,mixed,
bioskills/structural-variant-calling,bioskills,structural-variant-calling,bio-variant-calling-structural-variant-calling,manta,cli,
bioskills/structural-variants,bioskills,structural-variants,bio-longread-structural-variants,sniffles,cli,
bioskills/structure-io,bioskills,structure-io,bio-pdb-structure-io,Bio.PDB,python,
bioskills/structure-modification,bioskills,structure-modification,bio-pdb-structure-modification,Bio.PDB,python,
bioskills/structure-navigation,bioskills,structure-navigation,bio-pdb-structure-navigation,Bio.PDB,python,
bioskills/structure-probing,bioskills,structure-probing,bio-rna-structure-structure-probing,ShapeMapper2,cli,
bioskills/subclonal-copy-number,bioskills,subclonal-copy-number,bio-copy-number-subclonal-copy-number,battenberg,mixed,
bioskills/subgroup-analysis,bioskills,subgroup-analysis,bio-clinical-biostatistics-subgroup-analysis,statsmodels,python,
bioskills/substructure-search,bioskills,substructure-search,bio-substructure-search,RDKit,python,
bioskills/super-enhancers,bioskills,super-enhancers,bio-chipseq-super-enhancers,ROSE,mixed,
bioskills/survival-analysis,bioskills,survival-analysis,bio-clinical-biostatistics-survival-analysis,lifelines,mixed,
bioskills/synteny-analysis,bioskills,synteny-analysis,bio-comparative-genomics-synteny-analysis,MCScanX,mixed,
bioskills/tad-detection,bioskills,tad-detection,bio-hi-c-analysis-tad-detection,cooltools,mixed,
bioskills/target-prediction,bioskills,target-prediction,bio-small-rna-seq-target-prediction,miRanda,mixed,
bioskills/targeted-analysis,bioskills,targeted-analysis,bio-metabolomics-targeted-analysis,skyline,mixed,
bioskills/taxonomy-assignment,bioskills,taxonomy-assignment,bio-microbiome-taxonomy-assignment,dada2,mixed,
bioskills/tcr-epitope-binding,bioskills,tcr-epitope-binding,bio-immunoinformatics-tcr-epitope-binding,ERGO-II,python,
bioskills/tcr-pipeline,bioskills,tcr-pipeline,bio-workflows-tcr-pipeline,MiXCR,cli,
bioskills/temporal-clustering,bioskills,temporal-clustering,bio-temporal-genomics-temporal-clustering,Mfuzz,mixed,
bioskills/temporal-grn,bioskills,temporal-grn,bio-temporal-genomics-temporal-grn,statsmodels,mixed,
bioskills/timecourse-pipeline,bioskills,timecourse-pipeline,bio-workflows-timecourse-pipeline,Mfuzz,mixed,
bioskills/timeseries-de,bioskills,timeseries-de,bio-differential-expression-timeseries-de,limma,r,
bioskills/trajectory-inference,bioskills,trajectory-inference,bio-single-cell-trajectory-inference,Monocle3,mixed,
bioskills/trajectory-modeling,bioskills,trajectory-modeling,bio-temporal-genomics-trajectory-modeling,mgcv,mixed,
bioskills/transcription-translation,bioskills,transcription-translation,bio-transcription-translation,Bio.Seq,python,
bioskills/transcriptome-wide-association,bioskills,transcriptome-wide-association,bio-causal-genomics-transcriptome-wide-association,FUSION,mixed,
bioskills/translation-efficiency,bioskills,translation-efficiency,bio-ribo-seq-translation-efficiency,riborex,mixed,
bioskills/transmission-inference,bioskills,transmission-inference,bio-epidemiological-genomics-transmission-inference,TransPhylo,r,
bioskills/tree-io,bioskills,tree-io,bio-phylo-tree-io,Bio.Phylo,python,
bioskills/tree-manipulation,bioskills,tree-manipulation,bio-phylo-tree-manipulation,Bio.Phylo,python,
bioskills/tree-visualization,bioskills,tree-visualization,bio-phylo-tree-visualization,Bio.Phylo,python,
bioskills/trial-reporting,bioskills,trial-reporting,bio-clinical-biostatistics-trial-reporting,tableone,python,
bioskills/tumor-fraction-estimation,bioskills,tumor-fraction-estimation,bio-tumor-fraction-estimation,ichorCNA,r,
bioskills/tumor-mutational-burden,bioskills,tumor-mutational-burden,bio-clinical-databases-tumor-mutational-burden,cyvcf2,python,
bioskills/tximport-workflow,bioskills,tximport-workflow,bio-rna-quantification-tximport-workflow,tximport,r,
bioskills/umi-processing,bioskills,umi-processing,bio-read-qc-umi-processing,umi_tools,cli,
bioskills/uniprot-access,bioskills,uniprot-access,bio-uniprot-access,requests,python,
bioskills/upset-plots,bioskills,upset-plots,bio-data-visualization-upset-plots,ComplexUpset,mixed,
bioskills/variant-annotation,bioskills,variant-annotation,bio-variant-annotation,VEP,mixed,
bioskills/variant-calling,bioskills,variant-calling,bio-variant-calling,bcftools,cli,
bioskills/variant-normalization,bioskills,variant-normalization,bio-variant-normalization,bcftools,cli,
bioskills/variant-prioritization,bioskills,variant-prioritization,bio-clinical-databases-variant-prioritization,pandas,python,
bioskills/variant-surveillance,bioskills,variant-surveillance,bio-epidemiological-genomics-variant-surveillance,nextclade,cli,
bioskills/vcf-basics,bioskills,vcf-basics,bio-vcf-basics,bcftools,cli,
bioskills/vcf-manipulation,bioskills,vcf-manipulation,bio-vcf-manipulation,bcftools,cli,
bioskills/vcf-statistics,bioskills,vcf-statistics,bio-vcf-statistics,bcftools,cli,
bioskills/vdjtools-analysis,bioskills,vdjtools-analysis,bio-tcr-bcr-analysis-vdjtools-analysis,VDJtools,cli,
bioskills/virtual-screening,bioskills,virtual-screening,bio-virtual-screening,AutoDock Vina,python,
bioskills/volcano-and-ma-plots,bioskills,volcano-and-ma-plots,bio-data-visualization-volcano-and-ma-plots,ggplot2,mixed,
bioskills/wdl-workflows,bioskills,wdl-workflows,bio-workflow-management-wdl-workflows,cromwell,cli,
bioskills/whole-genome-alignment,bioskills,whole-genome-alignment,bio-comparative-genomics-whole-genome-alignment,Cactus,cli,
bioskills/whole-genome-duplication,bioskills,whole-genome-duplication,bio-comparative-genomics-whole-genome-duplication,wgd,mixed,
bioskills/wikipathways,bioskills,wikipathways,bio-pathway-wikipathways,clusterProfiler,r,
bioskills/write-sequences,bioskills,write-sequences,bio-write-sequences,Bio.SeqIO,python,
bioskills/xcms-preprocessing,bioskills,xcms-preprocessing,bio-metabolomics-xcms-preprocessing,xcms,r,
claude-science/alphafold2,claude-science,alphafold2,alphafold2,,,biomodels
claude-science/boltz,claude-science,boltz,boltz,,,biomodels
claude-science/borzoi,claude-science,borzoi,borzoi,,,biomodels
claude-science/chai1,claude-science,chai1,chai1,,,biomodels
claude-science/compute-env-setup,claude-science,compute-env-setup,compute-env-setup,,,
claude-science/customize,claude-science,customize,customize,,,
claude-science/diffdock,claude-science,diffdock,diffdock,,,biomodels
claude-science/esmfold2,claude-science,esmfold2,esmfold2,,,biomodels
claude-science/evo2,claude-science,evo2,evo2,,,biomodels
claude-science/fair-esm2,claude-science,fair-esm2,fair-esm2,,,biomodels
claude-science/figure-composer,claude-science,figure-composer,figure-composer,,,
claude-science/figure-style,claude-science,figure-style,figure-style,,,
claude-science/indication-dossier,claude-science,indication-dossier,indication-dossier,,,
claude-science/ligandmpnn,claude-science,ligandmpnn,ligandmpnn,,,biomodels
claude-science/literature-review,claude-science,literature-review,literature-review,,,
claude-science/managed-model-endpoints,claude-science,managed-model-endpoints,managed-model-endpoints,,,
claude-science/openfold3,claude-science,openfold3,openfold3,,,biomodels
claude-science/paper-narrative,claude-science,paper-narrative,paper-narrative,,,
claude-science/pdf-explore,claude-science,pdf-explore,pdf-explore,,,
claude-science/product-self-knowledge,claude-science,product-self-knowledge,product-self-knowledge,,,
claude-science/proteinmpnn,claude-science,proteinmpnn,proteinmpnn,,,biomodels
claude-science/remote-compute-modal,claude-science,remote-compute-modal,remote-compute-modal,,,
claude-science/remote-compute-ssh,claude-science,remote-compute-ssh,remote-compute-ssh,,,
claude-science/scgpt,claude-science,scgpt,scgpt,,,biomodels
claude-science/scvi-tools,claude-science,scvi-tools,scvi-tools,,,
claude-science/self-awareness,claude-science,self-awareness,self-awareness,,,
claude-science/skill-creator,claude-science,skill-creator,skill-creator,,,
claude-science/solublempnn,claude-science,solublempnn,solublempnn,,,biomodels
claude-science/using-model-endpoint,claude-science,using-model-endpoint,using-model-endpoint,,,
clawbio/affinity-proteomics,clawbio,affinity-proteomics,affinity-proteomics,,,
clawbio/analyze-fasta,clawbio,analyze-fasta,analyze-fasta,,,
clawbio/archaic-introgression,clawbio,archaic-introgression,archaic-introgression,,,
clawbio/bgpt-mcp,clawbio,bgpt-mcp,bgpt-mcp,,,
clawbio/bio-orchestrator,clawbio,bio-orchestrator,bio-orchestrator,,,
clawbio/bioconductor-bridge,clawbio,bioconductor-bridge,bioconductor-bridge,,,
clawbio/cell-detection,clawbio,cell-detection,cell-detection,,,
clawbio/claw-ancestry-pca,clawbio,claw-ancestry-pca,claw-ancestry-pca,,,
clawbio/claw-metagenomics,clawbio,claw-metagenomics,claw-metagenomics,,,
clawbio/claw-methylation-cycle,clawbio,claw-methylation-cycle,methylation-cycle,,,
clawbio/claw-semantic-sim,clawbio,claw-semantic-sim,claw-semantic-sim,,,
clawbio/clinical-trial-finder,clawbio,clinical-trial-finder,clinical-trial-finder,,,
clawbio/clinical-variant-reporter,clawbio,clinical-variant-reporter,clinical-variant-reporter,,,
clawbio/clinpgx,clawbio,clinpgx,clinpgx,,,
clawbio/crispr-screen-triage,clawbio,crispr-screen-triage,crispr-screen-triage,,,
clawbio/de-summary,clawbio,de-summary,de-summary,,,
clawbio/diff-visualizer,clawbio,diff-visualizer,diff-visualizer,,,
clawbio/dnasp,clawbio,dnasp,dnasp,,,
clawbio/drug-photo,clawbio,drug-photo,drug-photo,,,
clawbio/eqtl-catalogue-region-fetch,clawbio,eqtl-catalogue-region-fetch,eqtl-catalogue-region-fetch,,,
clawbio/equity-scorer,clawbio,equity-scorer,equity-scorer,,,
clawbio/fastreer,clawbio,fastreer,fastreer,,,
clawbio/fine-mapping,clawbio,fine-mapping,fine-mapping,,,
clawbio/flow-bio,clawbio,flow-bio,flow-bio,,,
clawbio/galaxy-bridge,clawbio,galaxy-bridge,galaxy-bridge,,,
clawbio/genome-compare,clawbio,genome-compare,genome-compare,,,
clawbio/genome-match,clawbio,genome-match,genome-match,,,
clawbio/gwas-catalog-region-fetch,clawbio,gwas-catalog-region-fetch,gwas-catalog-region-fetch,,,
clawbio/gwas-lookup,clawbio,gwas-lookup,gwas-lookup,,,
clawbio/gwas-pipeline,clawbio,gwas-pipeline,gwas-pipeline,,,
clawbio/gwas-prs,clawbio,gwas-prs,gwas-prs,,,
clawbio/illumina-bridge,clawbio,illumina-bridge,illumina-bridge,,,
clawbio/lit-synthesizer,clawbio,lit-synthesizer,lit-synthesizer,,,
clawbio/mendelian-randomisation,clawbio,mendelian-randomisation,mendelian-randomisation,,,
clawbio/methylation-clock,clawbio,methylation-clock,methylation-clock,,,
clawbio/multiqc-reporter,clawbio,multiqc-reporter,multiqc-reporter,,,
clawbio/ncbi-datasets,clawbio,ncbi-datasets,ncbi-datasets,,,
clawbio/nfcore-rnaseq-wrapper,clawbio,nfcore-rnaseq-wrapper,nfcore-rnaseq-wrapper,,,
clawbio/nfcore-scrnaseq-wrapper,clawbio,nfcore-scrnaseq-wrapper,nfcore-scrnaseq-wrapper,,,
clawbio/nutrigx-advisor,clawbio,nutrigx-advisor,nutrigx-advisor,,,
clawbio/omics-target-evidence-mapper,clawbio,omics-target-evidence-mapper,omics-target-evidence-mapper,,,
clawbio/pharmgx-reporter,clawbio,pharmgx-reporter,pharmgx-reporter,,,
clawbio/profile-report,clawbio,profile-report,profile-report,,,
clawbio/proteomics-clock,clawbio,proteomics-clock,proteomics-clock,,,
clawbio/proteomics-de,clawbio,proteomics-de,proteomics-de,,,
clawbio/pubmed-summariser,clawbio,pubmed-summariser,pubmed-summariser,,,
clawbio/rare-disease-rnaseq,clawbio,rare-disease-rnaseq,rare-disease-rnaseq,,,
clawbio/recombinator,clawbio,recombinator,recombinator,,,
clawbio/repro-enforcer,clawbio,repro-enforcer,repro-enforcer,,,
clawbio/rnaseq-de,clawbio,rnaseq-de,rnaseq-de,,,
clawbio/scrna-embedding,clawbio,scrna-embedding,scrna-embedding,,,
clawbio/scrna-orchestrator,clawbio,scrna-orchestrator,scrna-orchestrator,,,
clawbio/seq-wrangler,clawbio,seq-wrangler,seq-wrangler,,,
clawbio/skill-builder,clawbio,skill-builder,skill-builder,,,
clawbio/soul2dna,clawbio,soul2dna,soul2dna,,,
clawbio/struct-predictor,clawbio,struct-predictor,struct-predictor,,,
clawbio/target-validation-scorer,clawbio,target-validation-scorer,target-validation-scorer,,,
clawbio/turingdb-graph,clawbio,turingdb-graph,turingdb-graph,,,
clawbio/ukb-navigator,clawbio,ukb-navigator,ukb-navigator,,,
clawbio/variant-annotation,clawbio,variant-annotation,variant-annotation,,,
clawbio/vcf-annotator,clawbio,vcf-annotator,vcf-annotator,,,
clawbio/wes-clinical-report-en,clawbio,wes-clinical-report-en,wes-clinical-report-en,,,
clawbio/wes-clinical-report-es,clawbio,wes-clinical-report-es,wes-clinical-report-es,,,
drugclaw/ade_corpus,drugclaw,ade_corpus,,,,
drugclaw/adrecs,drugclaw,adrecs,ADReCS-query,,,
drugclaw/atc,drugclaw,atc,27_ATC_DDD,,,
drugclaw/bindingdb,drugclaw,bindingdb,bindingdb-query,,,
drugclaw/cadec,drugclaw,cadec,cadec-query,,,
drugclaw/chebi,drugclaw,chebi,chebi-query,,,
drugclaw/chembl,drugclaw,chembl,chembl-query,,,
drugclaw/cpic,drugclaw,cpic,,,,
drugclaw/dailymed,drugclaw,dailymed,dailymed-query,,,
drugclaw/ddi_corpus,drugclaw,ddi_corpus,,,,
drugclaw/ddinter,drugclaw,ddinter,DDInter,,,
drugclaw/dgidb,drugclaw,dgidb,16_DGIdb,,,
drugclaw/dili,drugclaw,dili,,,,
drugclaw/dilirank,drugclaw,dilirank,48_LTKB,,,
drugclaw/drkg,drugclaw,drkg,drkg-query,,,
drugclaw/drugbank,drugclaw,drugbank,drugbank-query,,,
drugclaw/drugcentral,drugclaw,drugcentral,drugcentral-query,,,
drugclaw/drugcomb,drugclaw,drugcomb,DrugComb,,,
drugclaw/drugcombdb,drugclaw,drugcombdb,drugcombdb-query,,,
drugclaw/drugmechdb,drugclaw,drugmechdb,drugmechdb-query,,,
drugclaw/drugprot,drugclaw,drugprot,,,,
drugclaw/drugrepobank,drugclaw,drugrepobank,DrugRepoBank-query,,,
drugclaw/drugs_com_reviews,drugclaw,drugs_com_reviews,druglib-reviews,,,
drugclaw/faers,drugclaw,faers,faers-query,,,
drugclaw/fda_orange_book,drugclaw,fda_orange_book,fda-orange-book-query,,,
drugclaw/gdkd,drugclaw,gdkd,GDKD-query,,,
drugclaw/gdsc,drugclaw,gdsc,,,,
drugclaw/iuphar,drugclaw,iuphar,iuphar-pharmacology,,,
drugclaw/kegg_drug,drugclaw,kegg_drug,,,,
drugclaw/livertox,drugclaw,livertox,,,,
drugclaw/mecddi,drugclaw,mecddi,mecddi-query,,,
drugclaw/medlineplus,drugclaw,medlineplus,medlineplus-drug-info,,,
drugclaw/molecular_targets,drugclaw,molecular_targets,molecular-targets-query,,,
drugclaw/molecular_targets_data,drugclaw,molecular_targets_data,NCI-DTP-MolTarget,,,
drugclaw/ndfrt,drugclaw,ndfrt,52_NDF_RT,,,
drugclaw/nsides,drugclaw,nsides,nsides-query,,,
drugclaw/open_targets,drugclaw,open_targets,open-targets-platform,,,
drugclaw/openfda,drugclaw,openfda,openfda-human-drug,,,
drugclaw/oregano,drugclaw,oregano,oregano-query,,,
drugclaw/pharmgkb,drugclaw,pharmgkb,pharmgkb-clinpgx,,,
drugclaw/pharmkg,drugclaw,pharmkg,pharmkg-query,,,
drugclaw/phee,drugclaw,phee,phee-query,,,
drugclaw/psytar,drugclaw,psytar,psytar-query,,,
drugclaw/repodb,drugclaw,repodb,repodb-query,,,
drugclaw/repurposedrugs,drugclaw,repurposedrugs,RepurposeDrugs-query,,,
drugclaw/repurposing_hub,drugclaw,repurposing_hub,Drug-Repurposing-Hub,,,
drugclaw/rxnorm,drugclaw,rxnorm,rxnorm-query,,,
drugclaw/sematyp,drugclaw,sematyp,,,,
drugclaw/sider,drugclaw,sider,,,,
drugclaw/stitch,drugclaw,stitch,stitch-query,,,
drugclaw/tac2017,drugclaw,tac2017,tac2017-adr,,,
drugclaw/tarkg,drugclaw,tarkg,TarKG,,,
drugclaw/ttd,drugclaw,ttd,TTD,,,
drugclaw/unid3,drugclaw,unid3,,,,
drugclaw/unitox,drugclaw,unitox,unitox-query,,,
drugclaw/webmd,drugclaw,webmd,webmd-drug-reviews,,,
drugclaw/who_eml,drugclaw,who_eml,WHO-EML-query,,,
evoskills/academic-slides,evoskills,academic-slides,academic-slides,,,
evoskills/evo-memory,evoskills,evo-memory,evo-memory,,,
evoskills/evomath-tao,evoskills,evomath-tao,evomath-tao,,,
evoskills/experiment-craft,evoskills,experiment-craft,experiment-craft,,,
evoskills/experiment-iterative-coder,evoskills,experiment-iterative-coder,experiment-iterative-coder,,,
evoskills/experiment-pipeline,evoskills,experiment-pipeline,experiment-pipeline,,,
evoskills/nano-banana,evoskills,nano-banana,nano-banana,,,
evoskills/paper-navigator,evoskills,paper-navigator,paper-navigator,,,
evoskills/paper-planning,evoskills,paper-planning,paper-planning,,,
evoskills/paper-rebuttal,evoskills,paper-rebuttal,paper-rebuttal,,,
evoskills/paper-review,evoskills,paper-review,paper-review,,,
evoskills/research-ideation,evoskills,research-ideation,research-ideation,,,
evoskills/research-survey,evoskills,research-survey,research-survey,,,
kdense/adaptyv,kdense,adaptyv,adaptyv,,,
kdense/aeon,kdense,aeon,aeon,,,
kdense/anndata,kdense,anndata,anndata,,,
kdense/arboreto,kdense,arboreto,arboreto,,,
kdense/astropy,kdense,astropy,astropy,,,
kdense/benchling-integration,kdense,benchling-integration,benchling-integration,,,
kdense/bgpt-paper-search,kdense,bgpt-paper-search,bgpt-paper-search,,,
kdense/biopython,kdense,biopython,biopython,,,
kdense/bioservices,kdense,bioservices,bioservices,,,
kdense/cellxgene-census,kdense,cellxgene-census,cellxgene-census,,,
kdense/cirq,kdense,cirq,cirq,,,
kdense/citation-management,kdense,citation-management,citation-management,,,
kdense/clinical-decision-support,kdense,clinical-decision-support,clinical-decision-support,,,
kdense/clinical-reports,kdense,clinical-reports,clinical-reports,,,
kdense/cobrapy,kdense,cobrapy,cobrapy,,,
kdense/database-lookup,kdense,database-lookup,database-lookup,,,
kdense/datamol,kdense,datamol,datamol,,,
kdense/deepchem,kdense,deepchem,deepchem,,,
kdense/deeptools,kdense,deeptools,deeptools,,,
kdense/depmap,kdense,depmap,depmap,,,
kdense/dhdna-profiler,kdense,dhdna-profiler,dhdna-profiler,,,
kdense/diffdock,kdense,diffdock,diffdock,,,
kdense/dnanexus-integration,kdense,dnanexus-integration,dnanexus-integration,,,
kdense/docx,kdense,docx,docx,,,
kdense/etetoolkit,kdense,etetoolkit,etetoolkit,,,
kdense/exa-search,kdense,exa-search,exa-search,,,
kdense/exploratory-data-analysis,kdense,exploratory-data-analysis,exploratory-data-analysis,,,
kdense/flowio,kdense,flowio,flowio,,,
kdense/fluidsim,kdense,fluidsim,fluidsim,,,
kdense/generate-image,kdense,generate-image,generate-image,,,
kdense/geniml,kdense,geniml,geniml,,,
kdense/geomaster,kdense,geomaster,geomaster,,,
kdense/geopandas,kdense,geopandas,geopandas,,,
kdense/get-available-resources,kdense,get-available-resources,get-available-resources,,,
kdense/gget,kdense,gget,gget,,,
kdense/ginkgo-cloud-lab,kdense,ginkgo-cloud-lab,ginkgo-cloud-lab,,,
kdense/glycoengineering,kdense,glycoengineering,glycoengineering,,,
kdense/gtars,kdense,gtars,gtars,,,
kdense/histolab,kdense,histolab,histolab,,,
kdense/hugging-science,kdense,hugging-science,hugging-science,,,
kdense/hypogenic,kdense,hypogenic,hypogenic,,,
kdense/hypothesis-generation,kdense,hypothesis-generation,hypothesis-generation,,,
kdense/imaging-data-commons,kdense,imaging-data-commons,imaging-data-commons,,,
kdense/iso-13485-certification,kdense,iso-13485-certification,iso-13485-certification,,,
kdense/lamindb,kdense,lamindb,lamindb,,,
kdense/latchbio-integration,kdense,latchbio-integration,latchbio-integration,,,
kdense/literature-review,kdense,literature-review,literature-review,,,
kdense/market-research-reports,kdense,market-research-reports,market-research-reports,,,
kdense/markitdown,kdense,markitdown,markitdown,,,
kdense/matchms,kdense,matchms,matchms,,,
kdense/matplotlib,kdense,matplotlib,matplotlib,,,
kdense/medchem,kdense,medchem,medchem,,,
kdense/modal,kdense,modal,modal,,,
kdense/molecular-dynamics,kdense,molecular-dynamics,molecular-dynamics,,,
kdense/networkx,kdense,networkx,networkx,,,
kdense/neurokit2,kdense,neurokit2,neurokit2,,,
kdense/neuropixels-analysis,kdense,neuropixels-analysis,neuropixels-analysis,,,
kdense/omero-integration,kdense,omero-integration,omero-integration,,,
kdense/open-notebook,kdense,open-notebook,open-notebook,,,
kdense/optimize-for-gpu,kdense,optimize-for-gpu,optimize-for-gpu,,,
kdense/pacsomatic,kdense,pacsomatic,pacsomatic,,,
kdense/paper-lookup,kdense,paper-lookup,paper-lookup,,,
kdense/pathml,kdense,pathml,pathml,,,
kdense/peer-review,kdense,peer-review,peer-review,,,
kdense/pennylane,kdense,pennylane,pennylane,,,
kdense/phylogenetics,kdense,phylogenetics,phylogenetics,,,
kdense/polars,kdense,polars,polars,,,
kdense/polars-bio,kdense,polars-bio,polars-bio,,,
kdense/primekg,kdense,primekg,primekg,,,
kdense/pydeseq2,kdense,pydeseq2,pydeseq2,,,
kdense/pydicom,kdense,pydicom,pydicom,,,
kdense/pyhealth,kdense,pyhealth,pyhealth,,,
kdense/pymatgen,kdense,pymatgen,pymatgen,,,
kdense/pyopenms,kdense,pyopenms,pyopenms,,,
kdense/pysam,kdense,pysam,pysam,,,
kdense/pytdc,kdense,pytdc,pytdc,,,
kdense/rdkit,kdense,rdkit,rdkit,,,
kdense/rowan,kdense,rowan,rowan,,,
kdense/scanpy,kdense,scanpy,scanpy,,,
kdense/scholar-evaluation,kdense,scholar-evaluation,scholar-evaluation,,,
kdense/scientific-brainstorming,kdense,scientific-brainstorming,scientific-brainstorming,,,
kdense/scientific-schematics,kdense,scientific-schematics,scientific-schematics,,,
kdense/scientific-slides,kdense,scientific-slides,scientific-slides,,,
kdense/scientific-visualization,kdense,scientific-visualization,scientific-visualization,,,
kdense/scientific-writing,kdense,scientific-writing,scientific-writing,,,
kdense/scikit-bio,kdense,scikit-bio,scikit-bio,,,
kdense/scikit-survival,kdense,scikit-survival,scikit-survival,,,
kdense/scvelo,kdense,scvelo,scvelo,,,
kdense/scvi-tools,kdense,scvi-tools,scvi-tools,,,
kdense/shap,kdense,shap,shap,,,
kdense/statistical-analysis,kdense,statistical-analysis,statistical-analysis,,,
kdense/statsmodels,kdense,statsmodels,statsmodels,,,
kdense/sympy,kdense,sympy,sympy,,,
kdense/tiledbvcf,kdense,tiledbvcf,tiledbvcf,,,
kdense/torch-geometric,kdense,torch-geometric,torch-geometric,,,
kdense/torchdrug,kdense,torchdrug,torchdrug,,,
kdense/transformers,kdense,transformers,transformers,,,
kdense/treatment-plans,kdense,treatment-plans,treatment-plans,,,
kdense/umap-learn,kdense,umap-learn,umap-learn,,,
kdense/venue-templates,kdense,venue-templates,venue-templates,,,
kdense/what-if-oracle,kdense,what-if-oracle,what-if-oracle,,,
kdense/xlsx,kdense,xlsx,xlsx,,,
labclaw/academic-literature-search,labclaw,academic-literature-search,,,,
labclaw/analyze_lab_video_cell_behavior,labclaw,analyze_lab_video_cell_behavior,analyze_lab_video_cell_behavior,,,
labclaw/article-writing,labclaw,article-writing,article-writing,,,
labclaw/bioinformatics,labclaw,bioinformatics,,,,
labclaw/biorxiv-database,labclaw,biorxiv-database,biorxiv-database,,,
labclaw/brenda-database,labclaw,brenda-database,brenda-database,,,
labclaw/chemistry,labclaw,chemistry,,,,
labclaw/clinical,labclaw,clinical,,,,
labclaw/clinpgx-database,labclaw,clinpgx-database,clinpgx-database,,,
labclaw/clinvar-database,labclaw,clinvar-database,clinvar-database,,,
labclaw/cosmic-database,labclaw,cosmic-database,cosmic-database,,,
labclaw/detect_common_wetlab_errors,labclaw,detect_common_wetlab_errors,detect_common_wetlab_errors,,,
labclaw/egocentric_view_to_structured_log,labclaw,egocentric_view_to_structured_log,egocentric_view_to_structured_log,,,
labclaw/egohos-segmentation,labclaw,egohos-segmentation,egohos-segmentation,,,
labclaw/ensembl-database,labclaw,ensembl-database,ensembl-database,,,
labclaw/export_experiment_data_to_excel,labclaw,export_experiment_data_to_excel,export_experiment_data_to_excel,,,
labclaw/extract_experiment_data_from_video,labclaw,extract_experiment_data_from_video,extract_experiment_data_from_video,,,
labclaw/fair-data,labclaw,fair-data,,,,
labclaw/fda-database,labclaw,fda-database,fda-database,,,
labclaw/gaussian_splatting_scene_description,labclaw,gaussian_splatting_scene_description,gaussian_splatting_scene_description,,,
labclaw/gene-database,labclaw,gene-database,gene-database,,,
labclaw/generate_cell_analysis_charts,labclaw,generate_cell_analysis_charts,generate_cell_analysis_charts,,,
labclaw/generate_double_column_pdf_report,labclaw,generate_double_column_pdf_report,generate_double_column_pdf_report,,,
labclaw/generate_scientific_method_section,labclaw,generate_scientific_method_section,generate_scientific_method_section,,,
labclaw/geo-database,labclaw,geo-database,geo-database,,,
labclaw/hand-tracking-toolkit,labclaw,hand-tracking-toolkit,hand-tracking-toolkit,,,
labclaw/hands-3d-pose,labclaw,hands-3d-pose,hands-3d-pose,,,
labclaw/handtracking,labclaw,handtracking,handtracking,,,
labclaw/hmdb-database,labclaw,hmdb-database,hmdb-database,,,
labclaw/hot3d,labclaw,hot3d,hot3d,,,
labclaw/literature,labclaw,literature,,,,
labclaw/literature_to_hypothesis,labclaw,literature_to_hypothesis,literature_to_hypothesis,,,
labclaw/matlab,labclaw,matlab,matlab,,,
labclaw/metabolomics-workbench-database,labclaw,metabolomics-workbench-database,metabolomics-workbench-database,,,
labclaw/openalex-database,labclaw,openalex-database,openalex-database,,,
labclaw/opentargets-database,labclaw,opentargets-database,opentargets-database,,,
labclaw/patent-drafting,labclaw,patent-drafting,,,,
labclaw/pdb-database,labclaw,pdb-database,pdb-database,,,
labclaw/pptx-generation,labclaw,pptx-generation,,,,
labclaw/protocol-writing,labclaw,protocol-writing,,,,
labclaw/protocol_video_matching,labclaw,protocol_video_matching,protocol_video_matching,,,
labclaw/protocolsio-integration,labclaw,protocolsio-integration,protocolsio-integration,,,
labclaw/pylabrobot,labclaw,pylabrobot,pylabrobot,,,
labclaw/pymc,labclaw,pymc,pymc-bayesian-modeling,,,
labclaw/pymoo,labclaw,pymoo,pymoo,,,
labclaw/realtime_protocol_guidance_prompts,labclaw,realtime_protocol_guidance_prompts,realtime_protocol_guidance_prompts,,,
labclaw/regulatory-submission,labclaw,regulatory-submission,,,,
labclaw/reproducibility-checklist,labclaw,reproducibility-checklist,,,,
labclaw/review-writing,labclaw,review-writing,,,,
labclaw/robot_protocol_step_generator,labclaw,robot_protocol_step_generator,robot_protocol_step_generator,,,
labclaw/science-communication,labclaw,science-communication,,,,
labclaw/scientific-critical-thinking,labclaw,scientific-critical-thinking,scientific-critical-thinking,,,
labclaw/scientific-diagram-generation,labclaw,scientific-diagram-generation,,,,
labclaw/statistics,labclaw,statistics,,,,
labclaw/uspto-database,labclaw,uspto-database,uspto-database,,,
labclaw/visualization,labclaw,visualization,,,,
labclaw/voice_command_to_skill,labclaw,voice_command_to_skill,voice_command_to_skill,,,
labclaw/writing,labclaw,writing,,,,
labclaw/zinc-database,labclaw,zinc-database,zinc-database,,,
medgeclaw/biomed-dispatch,medgeclaw,biomed-dispatch,biomed-dispatch,,,
medgeclaw/charls-reproduce,medgeclaw,charls-reproduce,charls-reproduce,,,
medgeclaw/cjk-viz,medgeclaw,cjk-viz,cjk-viz,,,
medgeclaw/dashboard,medgeclaw,dashboard,,,,
medgeclaw/feishu-rich-card,medgeclaw,feishu-rich-card,feishu-rich-card,,,
medgeclaw/paper-reproduce,medgeclaw,paper-reproduce,paper-reproduce,,,
medgeclaw/svg-ui-templates,medgeclaw,svg-ui-templates,svg-ui-templates,,,
neuroclaw/abcd-skill,neuroclaw,abcd-skill,abcd-skill,,,
neuroclaw/abide-skill,neuroclaw,abide-skill,abide-skill,,,
neuroclaw/academic-research-hub,neuroclaw,academic-research-hub,academic-research-hub,,,
neuroclaw/adhd200-skill,neuroclaw,adhd200-skill,adhd200-skill,,,
neuroclaw/adni-skill,neuroclaw,adni-skill,adni-skill,,,
neuroclaw/aibl-skill,neuroclaw,aibl-skill,aibl-skill,,,
neuroclaw/aomic-skill,neuroclaw,aomic-skill,aomic-skill,,,
neuroclaw/asl-skill,neuroclaw,asl-skill,asl-skill,,,
neuroclaw/beautiful-log,neuroclaw,beautiful-log,beautiful-log,,,
neuroclaw/bids-organizer,neuroclaw,bids-organizer,bids-organizer,,,
neuroclaw/bnt,neuroclaw,bnt,bnt,,,
neuroclaw/bold5000-skill,neuroclaw,bold5000-skill,bold5000-skill,,,
neuroclaw/brain-visualization,neuroclaw,brain-visualization,brain-visualization,,,
neuroclaw/brain_gnn,neuroclaw,brain_gnn,braingnn,,,
neuroclaw/camcan-skill,neuroclaw,camcan-skill,camcan-skill,,,
neuroclaw/claw-shell,neuroclaw,claw-shell,claw-shell,,,
neuroclaw/cobre-skill,neuroclaw,cobre-skill,cobre-skill,,,
neuroclaw/combraintf,neuroclaw,combraintf,combraintf,,,
neuroclaw/conda-env-manager,neuroclaw,conda-env-manager,conda-env-manager,,,
neuroclaw/conn-tool,neuroclaw,conn-tool,conn-tool,,,
neuroclaw/dcm2nii,neuroclaw,dcm2nii,dcm2nii,,,
neuroclaw/dependency-planner,neuroclaw,dependency-planner,dependency-planner,,,
neuroclaw/detrending,neuroclaw,detrending,detrending,,,
neuroclaw/dictlearning,neuroclaw,dictlearning,dictlearning,,,
neuroclaw/dipy-tool,neuroclaw,dipy-tool,dipy-tool,,,
neuroclaw/dmt-har-med-skill,neuroclaw,dmt-har-med-skill,dmt-har-med-skill,,,
neuroclaw/docker-env-manager,neuroclaw,docker-env-manager,docker-env-manager,,,
neuroclaw/dwi-skill,neuroclaw,dwi-skill,dwi-skill,,,
neuroclaw/eeg-skill,neuroclaw,eeg-skill,eeg-skill,,,
neuroclaw/experiment-controller,neuroclaw,experiment-controller,experiment-controller,,,
neuroclaw/filtering,neuroclaw,filtering,filtering,,,
neuroclaw/fm_app,neuroclaw,fm_app,fm_app,,,
neuroclaw/fmri-skill,neuroclaw,fmri-skill,fmri-skill,,,
neuroclaw/fmriprep-tool,neuroclaw,fmriprep-tool,fmriprep-tool,,,
neuroclaw/freesurfer-tool,neuroclaw,freesurfer-tool,freesurfer-tool,,,
neuroclaw/fsl-tool,neuroclaw,fsl-tool,fsl-tool,,,
neuroclaw/git-essentials,neuroclaw,git-essentials,git-essentials,,,
neuroclaw/git-workflows,neuroclaw,git-workflows,git-workflows,,,
neuroclaw/glm,neuroclaw,glm,glm,,,
neuroclaw/harmonization-tool,neuroclaw,harmonization-tool,harmonization-tool,,,
neuroclaw/harness-core,neuroclaw,harness-core,harness-core,,,
neuroclaw/hbn-skill,neuroclaw,hbn-skill,hbn-skill,,,
neuroclaw/hcpa-skill,neuroclaw,hcpa-skill,hcpa-skill,,,
neuroclaw/hcpd-skill,neuroclaw,hcpd-skill,hcpd-skill,,,
neuroclaw/hcpep-skill,neuroclaw,hcpep-skill,hcpep-skill,,,
neuroclaw/hcppipeline-tool,neuroclaw,hcppipeline-tool,hcppipeline-tool,,,
neuroclaw/hcpya-skill,neuroclaw,hcpya-skill,hcpya-skill,,,
neuroclaw/hierarchical,neuroclaw,hierarchical,hierarchical,,,
neuroclaw/ibgnn,neuroclaw,ibgnn,ibgnn,,,
neuroclaw/ica,neuroclaw,ica,ica,,,
neuroclaw/ixi-skill,neuroclaw,ixi-skill,ixi-skill,,,
neuroclaw/kmeans,neuroclaw,kmeans,kmeans,,,
neuroclaw/knowledge-graph-builder,neuroclaw,knowledge-graph-builder,knowledge-graph-builder,,,
neuroclaw/lggnn,neuroclaw,lggnn,lggnn,,,
neuroclaw/meg-skill,neuroclaw,meg-skill,meg-skill,,,
neuroclaw/method-design,neuroclaw,method-design,method-design,,,
neuroclaw/mnd-skill,neuroclaw,mnd-skill,mnd-skill,,,
neuroclaw/mne-eeg-tool,neuroclaw,mne-eeg-tool,mne-eeg-tool,,,
neuroclaw/mschallenge-skill,neuroclaw,mschallenge-skill,mschallenge-skill,,,
neuroclaw/multi-search-engine,neuroclaw,multi-search-engine,multi-search-engine,,,
neuroclaw/neurostorm,neuroclaw,neurostorm,neurostorm,,,
neuroclaw/nibabel-skill,neuroclaw,nibabel-skill,nibabel-skill,,,
neuroclaw/nifd-skill,neuroclaw,nifd-skill,nifd-skill,,,
neuroclaw/nii2dcm,neuroclaw,nii2dcm,nii2dcm,,,
neuroclaw/nilearn-tool,neuroclaw,nilearn-tool,nilearn-tool,,,
neuroclaw/nsd-skill,neuroclaw,nsd-skill,nsd-skill,,,
neuroclaw/oasis-skill,neuroclaw,oasis-skill,oasis-skill,,,
neuroclaw/overleaf-skill,neuroclaw,overleaf-skill,overleaf-skill,,,
neuroclaw/paper-writing,neuroclaw,paper-writing,paper-writing,,,
neuroclaw/pet-skill,neuroclaw,pet-skill,pet-skill,,,
neuroclaw/pnc-skill,neuroclaw,pnc-skill,pnc-skill,,,
neuroclaw/ppmi-skill,neuroclaw,ppmi-skill,ppmi-skill,,,
neuroclaw/qsiprep-tool,neuroclaw,qsiprep-tool,qsiprep-tool,,,
neuroclaw/research-idea,neuroclaw,research-idea,research-idea,,,
neuroclaw/rest-mneta-mdd-skill,neuroclaw,rest-mneta-mdd-skill,rest-mneta-mdd-skill,,,
neuroclaw/run_models,neuroclaw,run_models,run_models,,,
neuroclaw/seed-iv-skill,neuroclaw,seed-iv-skill,seed-iv-skill,,,
neuroclaw/seed-vig-skill,neuroclaw,seed-vig-skill,seed-vig-skill,,,
neuroclaw/skill-updater,neuroclaw,skill-updater,skill-updater,,,
neuroclaw/smri-skill,neuroclaw,smri-skill,smri-skill,,,
neuroclaw/spacenet,neuroclaw,spacenet,spacenet,,,
neuroclaw/svm,neuroclaw,svm,svm,,,
neuroclaw/tcp-skill,neuroclaw,tcp-skill,tcp-skill,,,
neuroclaw/ucla-cnp-skill,neuroclaw,ucla-cnp-skill,ucla-cnp-skill,,,
neuroclaw/ukb-skill,neuroclaw,ukb-skill,ukb-skill,,,
neuroclaw/wmh-segmentation,neuroclaw,wmh-segmentation,wmh-segmentation,,,
nobel/andrew-z-fire,nobel,andrew-z-fire,,,,
nobel/ardem-patapoutian,nobel,ardem-patapoutian,ardem-patapoutian,,,
nobel/barbara-mcclintock,nobel,barbara-mcclintock,,,,
nobel/barry-j-marshall,nobel,barry-j-marshall,,,,
nobel/bruce-a-beutler,nobel,bruce-a-beutler,,,,
nobel/carol-w-greider,nobel,carol-w-greider,carol-w-greider,,,Nobel Prize in Physiology or Medicine
nobel/charles-m-rice,nobel,charles-m-rice,,,,
nobel/craig-c-mello,nobel,craig-c-mello,craig-mello-perspective,,,
nobel/david-julius,nobel,david-julius,david-julius-perspective,,,
nobel/drew-weissman,nobel,drew-weissman,,,,
nobel/edvard-i-moser,nobel,edvard-i-moser,,,,
nobel/elizabeth-blackburn,nobel,elizabeth-blackburn,,,,
nobel/francoise-barre-sinoussi,nobel,francoise-barre-sinoussi,,,,
nobel/fred-ramsdell,nobel,fred-ramsdell,fred-ramsdell-perspective,,,
nobel/gary-ruvkun,nobel,gary-ruvkun,,,,
nobel/gregg-l-semenza,nobel,gregg-l-semenza,,,,
nobel/harald-zur-hausen,nobel,harald-zur-hausen,,,,
nobel/harvey-j-alter,nobel,harvey-j-alter,,,,
nobel/j-robin-warren,nobel,j-robin-warren,,,,
nobel/jack-w-szostak,nobel,jack-w-szostak,jack-w-szostak-perspective,,,
nobel/james-e-rothman,nobel,james-e-rothman,,,,
nobel/james-p-allison,nobel,james-p-allison,,,,
nobel/jeffrey-c-hall,nobel,jeffrey-c-hall,jeffrey-c-hall-perspective,,,
nobel/john-okeefe,nobel,john-okeefe,,,,
nobel/jules-a-hoffmann,nobel,jules-a-hoffmann,,,,
nobel/katalin-kariko,nobel,katalin-kariko,katalin-kariko-perspective,,,
nobel/linda-b-buck,nobel,linda-b-buck,,,,
nobel/luc-montagnier,nobel,luc-montagnier,,,,
nobel/mario-r-capecchi,nobel,mario-r-capecchi,,,,
nobel/mary-e-brunkow,nobel,mary-e-brunkow,,,,
nobel/may-britt-moser,nobel,may-britt-moser,,,,
nobel/michael-houghton,nobel,michael-houghton,,,,
nobel/michael-rosbash,nobel,michael-rosbash,,,,
nobel/michael-w-young,nobel,michael-w-young,,,,
nobel/nobel-meta,nobel,nobel-meta,nobel-minds,,,
nobel/oliver-smithies,nobel,oliver-smithies,,,,
nobel/ralph-m-steinman,nobel,ralph-m-steinman,ralph-m-steinman-perspective,,,
nobel/randy-w-schekman,nobel,randy-w-schekman,,,,
nobel/richard-axel,nobel,richard-axel,,,,
nobel/robert-g-edwards,nobel,robert-g-edwards,robert-g-edwards-perspective,,,
nobel/satoshi-omura,nobel,satoshi-omura,,,,
nobel/shimon-sakaguchi,nobel,shimon-sakaguchi,,,,
nobel/shinya-yamanaka,nobel,shinya-yamanaka,nobel-yamanaka,,,
nobel/sir-john-gurdon,nobel,sir-john-gurdon,,,,
nobel/sir-martin-j-evans,nobel,sir-martin-j-evans,,,,
nobel/sir-peter-j-ratcliffe,nobel,sir-peter-j-ratcliffe,,,,
nobel/stanley-b-prusiner,nobel,stanley-b-prusiner,,,,
nobel/svante-paabo,nobel,svante-paabo,,,,
nobel/tasuku-honjo,nobel,tasuku-honjo,,,,
nobel/thomas-c-sudhof,nobel,thomas-c-sudhof,,,,
nobel/tu-youyou,nobel,tu-youyou,tu-youyou-perspective,,,
nobel/victor-ambros,nobel,victor-ambros,victor-ambros-perspective,,,
nobel/william-c-campbell,nobel,william-c-campbell,,,,
nobel/william-g-kaelin-jr,nobel,william-g-kaelin-jr,,,,
nobel/yoshinori-ohsumi,nobel,yoshinori-ohsumi,,,,
omics/agent-browser,omics,agent-browser,agent-browser,,,
omics/ai-scientist-evaluator,omics,ai-scientist-evaluator,ai-scientist-evaluator,,,
omics/arxiv-search,omics,arxiv-search,arxiv-search,,,
omics/beautiful-data-viz,omics,beautiful-data-viz,beautiful-data-viz,,,
omics/bio-annotation,omics,bio-annotation,bio-annotation,,,
omics/bio-assembly-qc,omics,bio-assembly-qc,bio-assembly-qc,,,
omics/bio-binning-qc,omics,bio-binning-qc,bio-binning-qc,,,
omics/bio-foundation-housekeeping,omics,bio-foundation-housekeeping,bio-foundation-housekeeping,,,
omics/bio-gene-calling,omics,bio-gene-calling,bio-gene-calling,,,
omics/bio-logic,omics,bio-logic,bio-logic,,,
omics/bio-phylogenomics,omics,bio-phylogenomics,bio-phylogenomics,,,
omics/bio-prefect-dask-nextflow,omics,bio-prefect-dask-nextflow,bio-prefect-dask-nextflow,,,
omics/bio-protein-clustering-pangenome,omics,bio-protein-clustering-pangenome,bio-protein-clustering-pangenome,,,
omics/bio-reads-qc-mapping,omics,bio-reads-qc-mapping,bio-reads-qc-mapping,,,
omics/bio-stats-ml-reporting,omics,bio-stats-ml-reporting,bio-stats-ml-reporting,,,
omics/bio-structure-annotation,omics,bio-structure-annotation,bio-structure-annotation,,,
omics/bio-viromics,omics,bio-viromics,bio-viromics,,,
omics/bio-workflow-methods-docwriter,omics,bio-workflow-methods-docwriter,bio-workflow-methods-docwriter,,,
omics/biorxiv-search,omics,biorxiv-search,biorxiv-search,,,
omics/crossref-lookup,omics,crossref-lookup,crossref-lookup,,,
omics/get-api-docs,omics,get-api-docs,get-api-docs,,,
omics/jgi-lakehouse,omics,jgi-lakehouse,jgi-lakehouse,,,
omics/manuscript-review-council,omics,manuscript-review-council,manuscript-review-council,,,
omics/notebooks,omics,notebooks,notebooks,,,
omics/plotly-dashboard-skill,omics,plotly-dashboard-skill,plotly-dashboard-skill,,,
omics/polars-dovmed,omics,polars-dovmed,polars-dovmed,,,
omics/proposal-review,omics,proposal-review,proposal-review,,,
omics/scientific-impact-assessment,omics,scientific-impact-assessment,scientific-impact-assessment,,,
omics/tracking-taxonomy-updates,omics,tracking-taxonomy-updates,tracking-taxonomy-updates,,,
omicsclaw/bulk-omics-clustering,omicsclaw,bulk-omics-clustering,Bulk Omics Clustering Analysis,,,multi_omics
omicsclaw/bulk-rnaseq-counts-to-de-deseq2,omicsclaw,bulk-rnaseq-counts-to-de-deseq2,Bulk RNAseq differential expression (DeSeq2),,,transcriptomics
omicsclaw/cell-cell-communication,omicsclaw,cell-cell-communication,Cell-Cell Communication Analysis (CellChat),,,transcriptomics
omicsclaw/chip-atlas-diff-analysis,omicsclaw,chip-atlas-diff-analysis,ChIP-Atlas Diff Analysis,,,epigenomics
omicsclaw/chip-atlas-peak-enrichment,omicsclaw,chip-atlas-peak-enrichment,ChIP-Atlas Peak Enrichment,,,epigenomics
omicsclaw/chip-atlas-target-genes,omicsclaw,chip-atlas-target-genes,ChIP-Atlas Target Genes,,,epigenomics
omicsclaw/clinicaltrials-landscape,omicsclaw,clinicaltrials-landscape,ClinicalTrials.gov Disease Landscape Scanner,,,literature
omicsclaw/coexpression-network,omicsclaw,coexpression-network,Weighted Gene Co-expression Network Analysis (WGCNA),,,transcriptomics
omicsclaw/disease-progression-longitudinal,omicsclaw,disease-progression-longitudinal,Disease Progression Trajectory Analysis,,,multi_omics
omicsclaw/experimental-design-statistics,omicsclaw,experimental-design-statistics,Experimental Design,,,experimental_design
omicsclaw/functional-enrichment-from-degs,omicsclaw,functional-enrichment-from-degs,Functional Enrichment Analysis (GSEA + ORA),,,functional_analysis
omicsclaw/genetic-variant-annotation,omicsclaw,genetic-variant-annotation,Genetic Variant Annotation,,,genomics_genetics
omicsclaw/grn-pyscenic,omicsclaw,grn-pyscenic,Gene Regulatory Network Inference (pySCENIC),,,transcriptomics
omicsclaw/gwas-to-function-twas,omicsclaw,gwas-to-function-twas,GWAS to Function via TWAS,,,genomics_genetics
omicsclaw/lasso-biomarker-panel,omicsclaw,lasso-biomarker-panel,LASSO Biomarker Panel Discovery & Validation,,,multi_omics
omicsclaw/literature-preclinical,omicsclaw,literature-preclinical,Preclinical Literature Extraction,,,literature
omicsclaw/mendelian-randomization-twosamplemr,omicsclaw,mendelian-randomization-twosamplemr,Two-Sample Mendelian Randomization,,,genomics_genetics
omicsclaw/multi-omics-integration,omicsclaw,multi-omics-integration,Multi-Omics Integration (MOFA+),,,multi_omics
omicsclaw/pcr-primer-design,omicsclaw,pcr-primer-design,PCR Primer Design,,,molecular_design
omicsclaw/polygenic-risk-score-prs-catalog,omicsclaw,polygenic-risk-score-prs-catalog,Polygenic Risk Score (PGS Catalog),,,genomics_genetics
omicsclaw/pooled-crispr-screens,omicsclaw,pooled-crispr-screens,Pooled CRISPR Screen Analysis,,,transcriptomics
omicsclaw/proteomics-diff-exp,omicsclaw,proteomics-diff-exp,Proteomics Differential Expression (limma + DEqMS),,,proteomics_metabolomics
omicsclaw/scrna-trajectory-inference,omicsclaw,scrna-trajectory-inference,Single-Cell Trajectory Inference,,,transcriptomics
omicsclaw/scrnaseq-scanpy-core-analysis,omicsclaw,scrnaseq-scanpy-core-analysis,Single-Cell RNA-seq Core Analysis (Scanpy),,,transcriptomics
omicsclaw/scrnaseq-seurat-core-analysis,omicsclaw,scrnaseq-seurat-core-analysis,Single-Cell RNA-seq Core Analysis (Seurat),,,transcriptomics
omicsclaw/spatial-transcriptomics,omicsclaw,spatial-transcriptomics,Spatial Transcriptomics Visium Analysis,,,transcriptomics
omicsclaw/survival-analysis-clinical,omicsclaw,survival-analysis-clinical,Clinical Survival & Outcome Analysis,,,multi_omics
omicsclaw/upstream-regulator-analysis,omicsclaw,upstream-regulator-analysis,Upstream Regulator Analysis,,,multi_omics
openclaw/MAGE,openclaw,MAGE,,,,
openclaw/STAgent,openclaw,STAgent,,,,
openclaw/SpatialAgent,openclaw,SpatialAgent,,,,
openclaw/aav-vector-design-agent,openclaw,aav-vector-design-agent,,,,
openclaw/adhd-daily-planner,openclaw,adhd-daily-planner,adhd-daily-planner,,,
openclaw/agentd-drug-discovery,openclaw,agentd-drug-discovery,,,,
openclaw/ai-analyzer,openclaw,ai-analyzer,ai-analyzer,,,
openclaw/alphafold-database,openclaw,alphafold-database,alphafold-database,,,
openclaw/antibody-design-agent,openclaw,antibody-design-agent,,,,
openclaw/armored-cart-design-agent,openclaw,armored-cart-design-agent,,,,
openclaw/autonomous-oncology-agent,openclaw,autonomous-oncology-agent,,,,
openclaw/bayesian-optimizer,openclaw,bayesian-optimizer,,,,
openclaw/bindingdb-database,openclaw,bindingdb-database,bindingdb-database,,,
openclaw/bio-alignment-files-bam-statistics,openclaw,bio-alignment-files-bam-statistics,,,,
openclaw/bio-data-visualization-genome-browser-tracks,openclaw,bio-data-visualization-genome-browser-tracks,,,,
openclaw/bio-data-visualization-specialized-omics-plots,openclaw,bio-data-visualization-specialized-omics-plots,,,,
openclaw/bio-data-visualization-volcano-customization,openclaw,bio-data-visualization-volcano-customization,,,,
openclaw/bio-research-tools-biomarker-signature-studio,openclaw,bio-research-tools-biomarker-signature-studio,,,,
openclaw/bio-sequence-similarity,openclaw,bio-sequence-similarity,,,,
openclaw/bioinformatics-singlecell,openclaw,bioinformatics-singlecell,,,,
openclaw/biokernel,openclaw,biokernel,,,,
openclaw/biologist-analyst,openclaw,biologist-analyst,biologist-analyst,,,
openclaw/biomaster-workflows,openclaw,biomaster-workflows,,,,
openclaw/biomcp-server,openclaw,biomcp-server,,,,
openclaw/biomedical-data-analysis,openclaw,biomedical-data-analysis,,,,
openclaw/biomedical-search,openclaw,biomedical-search,biomedical-search,,,
openclaw/biomni,openclaw,biomni,biomni,,,
openclaw/biomni-general-agent,openclaw,biomni-general-agent,,,,
openclaw/biomni-research-agent,openclaw,biomni-research-agent,,,,
openclaw/bone-marrow-ai-agent,openclaw,bone-marrow-ai-agent,,,,
openclaw/brainstorming,openclaw,brainstorming,brainstorming,,,
openclaw/bulk-combat-correction,openclaw,bulk-combat-correction,bulk-rna-seq-batch-correction-with-combat,,,
openclaw/bulk-deg-analysis,openclaw,bulk-deg-analysis,bulk-rna-seq-differential-expression-with-omicverse,,,
openclaw/bulk-deseq2-analysis,openclaw,bulk-deseq2-analysis,bulk-rna-seq-deseq2-analysis-with-omicverse,,,
openclaw/bulk-stringdb-ppi,openclaw,bulk-stringdb-ppi,string-protein-interaction-analysis-with-omicverse,,,
openclaw/bulk-to-single-deconvolution,openclaw,bulk-to-single-deconvolution,bulk-rna-seq-deconvolution-with-bulk2single,,,
openclaw/bulk-trajblend-interpolation,openclaw,bulk-trajblend-interpolation,bulktrajblend-trajectory-interpolation,,,
openclaw/bulk-wgcna-analysis,openclaw,bulk-wgcna-analysis,bulk-wgcna-analysis-with-omicverse,,,
openclaw/cancer-metabolism-agent,openclaw,cancer-metabolism-agent,,,,
openclaw/care-coordination,openclaw,care-coordination,,,,
openclaw/cart-design-optimizer-agent,openclaw,cart-design-optimizer-agent,,,,
openclaw/cellagent-annotation,openclaw,cellagent-annotation,,,,
openclaw/cellfree-rna-agent,openclaw,cellfree-rna-agent,,,,
openclaw/cellular-senescence-agent,openclaw,cellular-senescence-agent,,,,
openclaw/chatehr-clinician-assistant,openclaw,chatehr-clinician-assistant,,,,
openclaw/chematagent-drug-discovery,openclaw,chematagent-drug-discovery,,,,
openclaw/chembl-database,openclaw,chembl-database,chembl-database,,,
openclaw/chembl-search,openclaw,chembl-search,chembl-search,,,
openclaw/chemcrow-drug-discovery,openclaw,chemcrow-drug-discovery,,,,
openclaw/chemical-property-lookup,openclaw,chemical-property-lookup,,,,
openclaw/chemist-analyst,openclaw,chemist-analyst,chemist-analyst,,,
openclaw/chemistry-agent,openclaw,chemistry-agent,,,,
openclaw/chip-clonal-hematopoiesis-agent,openclaw,chip-clonal-hematopoiesis-agent,,,,
openclaw/chromosomal-instability-agent,openclaw,chromosomal-instability-agent,,,,
openclaw/claims-appeals,openclaw,claims-appeals,,,,
openclaw/clinical-diagnostic-reasoning,openclaw,clinical-diagnostic-reasoning,clinical-diagnostic-reasoning,,,
openclaw/clinical-interpretation,openclaw,clinical-interpretation,,,,
openclaw/clinical-nlp-extractor,openclaw,clinical-nlp-extractor,,,,
openclaw/clinical-note-summarization,openclaw,clinical-note-summarization,,,,
openclaw/clinical-trial-protocol-skill,openclaw,clinical-trial-protocol-skill,clinical-trial-protocol-skill,,,
openclaw/clinical-trials-search,openclaw,clinical-trials-search,clinical-trials-search,,,
openclaw/clinicaltrials-database,openclaw,clinicaltrials-database,clinicaltrials-database,,,
openclaw/cnv-caller-agent,openclaw,cnv-caller-agent,,,,
openclaw/coagulation-thrombosis-agent,openclaw,coagulation-thrombosis-agent,,,,
openclaw/compbioagent-explorer,openclaw,compbioagent-explorer,,,,
openclaw/computational-pathology-agent,openclaw,computational-pathology-agent,,,,
openclaw/consensus-sequences,openclaw,consensus-sequences,,,,
openclaw/convergence-study,openclaw,convergence-study,convergence-study,,,
openclaw/crisis-detection-intervention-ai,openclaw,crisis-detection-intervention-ai,crisis-detection-intervention-ai,,,
openclaw/crisis-response-protocol,openclaw,crisis-response-protocol,crisis-response-protocol,,,
openclaw/crispr-guide-design,openclaw,crispr-guide-design,,,,
openclaw/crispr-offtarget-predictor,openclaw,crispr-offtarget-predictor,,,,
openclaw/cryoem-ai-drug-design-agent,openclaw,cryoem-ai-drug-design-agent,,,,
openclaw/ctdna-dynamics-mrd-agent,openclaw,ctdna-dynamics-mrd-agent,,,,
openclaw/cytokine-storm-analysis-agent,openclaw,cytokine-storm-analysis-agent,,,,
openclaw/dask,openclaw,dask,dask,,,
openclaw/data-stats-analysis,openclaw,data-stats-analysis,data-stats-analysis,,,
openclaw/data-transform,openclaw,data-transform,data-transform,,,
openclaw/data-visualization-biomedical,openclaw,data-visualization-biomedical,,,,
openclaw/data-visualization-expert,openclaw,data-visualization-expert,,,,
openclaw/data-viz-plots,openclaw,data-viz-plots,data-viz-plots,,,
openclaw/datacommons-client,openclaw,datacommons-client,datacommons-client,,,
openclaw/deep-research,openclaw,deep-research,deep-research,,,
openclaw/deep-research-swarm,openclaw,deep-research-swarm,,,,
openclaw/deep-visual-proteomics-agent,openclaw,deep-visual-proteomics-agent,,,,
openclaw/deepvariant,openclaw,deepvariant,,,,
openclaw/differentiation-schemes,openclaw,differentiation-schemes,differentiation-schemes,,,
openclaw/digital-twin-clinical-agent,openclaw,digital-twin-clinical-agent,,,,
openclaw/dispatching-parallel-agents,openclaw,dispatching-parallel-agents,dispatching-parallel-agents,,,
openclaw/doc-coauthoring,openclaw,doc-coauthoring,doc-coauthoring,,,
openclaw/drug-discovery-search,openclaw,drug-discovery-search,drug-discovery-search,,,
openclaw/drug-interaction-checker,openclaw,drug-interaction-checker,,,,
openclaw/drug-labels-search,openclaw,drug-labels-search,drug-labels-search,,,
openclaw/drugbank-database,openclaw,drugbank-database,drugbank-database,,,
openclaw/drugbank-search,openclaw,drugbank-search,drugbank-search,,,
openclaw/ehr-fhir-integration,openclaw,ehr-fhir-integration,,,,
openclaw/emergency-card,openclaw,emergency-card,emergency-card,,,
openclaw/epidemiologist-analyst,openclaw,epidemiologist-analyst,epidemiologist-analyst,,,
openclaw/epigenomics-methylgpt-agent,openclaw,epigenomics-methylgpt-agent,,,,
openclaw/executing-plans,openclaw,executing-plans,executing-plans,,,
openclaw/exosome-ev-analysis-agent,openclaw,exosome-ev-analysis-agent,,,,
openclaw/family-health-analyzer,openclaw,family-health-analyzer,family-health-analyzer,,,
openclaw/fastq-analysis,openclaw,fastq-analysis,fastq-analysis-pipeline,,,
openclaw/fhir-developer-skill,openclaw,fhir-developer-skill,fhir-developer-skill,,,
openclaw/fhir-development,openclaw,fhir-development,,,,
openclaw/filtering-best-practices,openclaw,filtering-best-practices,,,,
openclaw/find-skills,openclaw,find-skills,find-skills,,,
openclaw/finishing-a-development-branch,openclaw,finishing-a-development-branch,finishing-a-development-branch,,,
openclaw/fitness-analyzer,openclaw,fitness-analyzer,fitness-analyzer,,,
openclaw/gatk-variant-calling,openclaw,gatk-variant-calling,,,,
openclaw/gene-panel-design-agent,openclaw,gene-panel-design-agent,,,,
openclaw/goal-analyzer,openclaw,goal-analyzer,goal-analyzer,,,
openclaw/grief-companion,openclaw,grief-companion,grief-companion,,,
openclaw/gsea-enrichment,openclaw,gsea-enrichment,gsea-enrichment-analysis,,,
openclaw/gtex-database,openclaw,gtex-database,gtex-database,,,
openclaw/health-trend-analyzer,openclaw,health-trend-analyzer,health-trend-analyzer,,,
openclaw/hemoglobinopathy-analysis-agent,openclaw,hemoglobinopathy-analysis-agent,,,,
openclaw/hipaa-compliance,openclaw,hipaa-compliance,hipaa-compliance,,,
openclaw/hrd-analysis-agent,openclaw,hrd-analysis-agent,,,,
openclaw/hrv-alexithymia-expert,openclaw,hrv-alexithymia-expert,hrv-alexithymia-expert,,,
openclaw/image-analysis,openclaw,image-analysis,,,,
openclaw/immune-checkpoint-combination-agent,openclaw,immune-checkpoint-combination-agent,,,,
openclaw/infographics,openclaw,infographics,infographics,,,
openclaw/instrument-data-to-allotrope,openclaw,instrument-data-to-allotrope,instrument-data-to-allotrope,,,
openclaw/joint-calling,openclaw,joint-calling,,,,
openclaw/jungian-psychologist,openclaw,jungian-psychologist,jungian-psychologist,,,
openclaw/knowledge-synthesis,openclaw,knowledge-synthesis,,,,
openclaw/kragen-knowledge-graph,openclaw,kragen-knowledge-graph,,,,
openclaw/lab-results,openclaw,lab-results,,,,
openclaw/labarchive-integration,openclaw,labarchive-integration,labarchive-integration,,,
openclaw/labstep,openclaw,labstep,labstep,,,
openclaw/latex-posters,openclaw,latex-posters,latex-posters,,,
openclaw/leads-literature-mining,openclaw,leads-literature-mining,,,,
openclaw/linear-solvers,openclaw,linear-solvers,linear-solvers,,,
openclaw/liquid-biopsy-analytics-agent,openclaw,liquid-biopsy-analytics-agent,,,,
openclaw/literature-search,openclaw,literature-search,literature-search,,,
openclaw/lobster-bioinformatics,openclaw,lobster-bioinformatics,lobster-bioinformatics,,,
openclaw/long-read-sequencing-agent,openclaw,long-read-sequencing-agent,,,,
openclaw/markdown-mermaid-writing,openclaw,markdown-mermaid-writing,markdown-mermaid-writing,,,
openclaw/mcpmed-bioinformatics-server,openclaw,mcpmed-bioinformatics-server,mcpmed-bioinformatics-server,,,
openclaw/medea-therapeutic-discovery,openclaw,medea-therapeutic-discovery,medea-therapeutic-discovery,,,
openclaw/medical-entity-extractor,openclaw,medical-entity-extractor,medical-entity-extractor,,,
openclaw/medical-imaging-review,openclaw,medical-imaging-review,medical-imaging-review,,,
openclaw/medical-research-toolkit,openclaw,medical-research-toolkit,medical-research-toolkit,,,
openclaw/medrxiv-search,openclaw,medrxiv-search,medrxiv-search,,,
openclaw/mental-health-analyzer,openclaw,mental-health-analyzer,mental-health-analyzer,,,
openclaw/mesh-generation,openclaw,mesh-generation,mesh-generation,,,
openclaw/microbiome-cancer-agent,openclaw,microbiome-cancer-agent,,,,
openclaw/modern-drug-rehab-computer,openclaw,modern-drug-rehab-computer,modern-drug-rehab-computer,,,
openclaw/molecular-glue-discovery-agent,openclaw,molecular-glue-discovery-agent,,,,
openclaw/molecule-evolution-agent,openclaw,molecule-evolution-agent,,,,
openclaw/molfeat,openclaw,molfeat,molfeat,,,
openclaw/mpn-progression-monitor-agent,openclaw,mpn-progression-monitor-agent,,,,
openclaw/mpn-research-assistant,openclaw,mpn-research-assistant,,,,
openclaw/mrd-edge-detection-agent,openclaw,mrd-edge-detection-agent,,,,
openclaw/multi-ancestry-prs-agent,openclaw,multi-ancestry-prs-agent,,,,
openclaw/multi-search-engine,openclaw,multi-search-engine,multi-search-engine,,,
openclaw/multimodal-medical-imaging,openclaw,multimodal-medical-imaging,,,,
openclaw/multimodal-radpath-fusion-agent,openclaw,multimodal-radpath-fusion-agent,,,,
openclaw/myeloma-mrd-agent,openclaw,myeloma-mrd-agent,,,,
openclaw/nextflow-development,openclaw,nextflow-development,nextflow-development,,,
openclaw/ngs-analysis,openclaw,ngs-analysis,,,,
openclaw/nicheformer-spatial-agent,openclaw,nicheformer-spatial-agent,,,,
openclaw/nk-cell-therapy-agent,openclaw,nk-cell-therapy-agent,,,,
openclaw/nonlinear-solvers,openclaw,nonlinear-solvers,nonlinear-solvers,,,
openclaw/numerical-integration,openclaw,numerical-integration,numerical-integration,,,
openclaw/numerical-stability,openclaw,numerical-stability,numerical-stability,,,
openclaw/nutrition-analyzer,openclaw,nutrition-analyzer,nutrition-analyzer,,,
openclaw/occupational-health-analyzer,openclaw,occupational-health-analyzer,occupational-health-analyzer,,,
openclaw/ontology-explorer,openclaw,ontology-explorer,ontology-explorer,,,
openclaw/ontology-mapper,openclaw,ontology-mapper,ontology-mapper,,,
openclaw/ontology-validator,openclaw,ontology-validator,ontology-validator,,,
openclaw/open-targets-search,openclaw,open-targets-search,open-targets-search,,,
openclaw/opentrons-integration,openclaw,opentrons-integration,opentrons-integration,,,
openclaw/opentrons-protocol-agent,openclaw,opentrons-protocol-agent,,,,
openclaw/organoid-drug-response-agent,openclaw,organoid-drug-response-agent,,,,
openclaw/pan-cancer-multiomics-agent,openclaw,pan-cancer-multiomics-agent,,,,
openclaw/paper-2-web,openclaw,paper-2-web,paper-2-web,,,
openclaw/parameter-optimization,openclaw,parameter-optimization,parameter-optimization,,,
openclaw/patents-search,openclaw,patents-search,patents-search,,,
openclaw/patiently-ai,openclaw,patiently-ai,patiently-ai,,,
openclaw/pdf-anthropic,openclaw,pdf-anthropic,pdf,,,
openclaw/pdf-processing,openclaw,pdf-processing,pdf-processing,,,
openclaw/pdf-processing-pro,openclaw,pdf-processing-pro,pdf-processing-pro,,,
openclaw/pdx-model-analysis-agent,openclaw,pdx-model-analysis-agent,,,,
openclaw/performance-profiling,openclaw,performance-profiling,performance-profiling,,,
openclaw/perplexity-search,openclaw,perplexity-search,perplexity-search,,,
openclaw/pharmacogenomics-agent,openclaw,pharmacogenomics-agent,,,,
openclaw/plotly,openclaw,plotly,plotly,,,
openclaw/polars,openclaw,polars,polars,,,
openclaw/popeve-variant-predictor-agent,openclaw,popeve-variant-predictor-agent,,,,
openclaw/post-processing,openclaw,post-processing,post-processing,,,
openclaw/pptx-official,openclaw,pptx-official,pptx,,,
openclaw/pptx-posters,openclaw,pptx-posters,pptx-posters,,,
openclaw/precision-oncology-agent,openclaw,precision-oncology-agent,,,,
openclaw/prior-auth-coworker,openclaw,prior-auth-coworker,,,,
openclaw/prior-auth-review-skill,openclaw,prior-auth-review-skill,prior-auth-review-skill,,,
openclaw/protac-design-agent,openclaw,protac-design-agent,,,,
openclaw/protein-structure-prediction,openclaw,protein-structure-prediction,,,,
openclaw/prs-net-deep-learning-agent,openclaw,prs-net-deep-learning-agent,,,,
openclaw/psychologist-analyst,openclaw,psychologist-analyst,psychologist-analyst,,,
openclaw/pubchem-database,openclaw,pubchem-database,pubchem-database,,,
openclaw/pubmed-search,openclaw,pubmed-search,pubmed-search,,,
openclaw/pydicom,openclaw,pydicom,pydicom,,,
openclaw/pylabrobot,openclaw,pylabrobot,pylabrobot,,,
openclaw/pytorch-lightning,openclaw,pytorch-lightning,pytorch-lightning,,,
openclaw/pyzotero,openclaw,pyzotero,pyzotero,,,
openclaw/radgpt-radiology-reporter,openclaw,radgpt-radiology-reporter,,,,
openclaw/radiomics-pathomics-fusion-agent,openclaw,radiomics-pathomics-fusion-agent,,,,
openclaw/receiving-code-review,openclaw,receiving-code-review,receiving-code-review,,,
openclaw/recovery-community-moderator,openclaw,recovery-community-moderator,recovery-community-moderator,,,
openclaw/regulatory-drafter,openclaw,regulatory-drafter,,,,
openclaw/regulatory-drafting,openclaw,regulatory-drafting,,,,
openclaw/rehabilitation-analyzer,openclaw,rehabilitation-analyzer,rehabilitation-analyzer,,,
openclaw/requesting-code-review,openclaw,requesting-code-review,requesting-code-review,,,
openclaw/research-grants,openclaw,research-grants,research-grants,,,
openclaw/research-literature,openclaw,research-literature,,,,
openclaw/research-lookup,openclaw,research-lookup,research-lookup,,,
openclaw/rna-velocity-agent,openclaw,rna-velocity-agent,,,,
openclaw/scfoundation-model-agent,openclaw,scfoundation-model-agent,,,,
openclaw/scientific-manuscript,openclaw,scientific-manuscript,,,,
openclaw/scientific-problem-selection,openclaw,scientific-problem-selection,scientific-problem-selection,,,
openclaw/scikit-learn,openclaw,scikit-learn,scikit-learn,,,
openclaw/scikit-survival,openclaw,scikit-survival,scikit-survival,,,
openclaw/scrna-qc,openclaw,scrna-qc,,,,
openclaw/seaborn,openclaw,seaborn,seaborn,,,
openclaw/search-strategy,openclaw,search-strategy,,,,
openclaw/simo-multiomics-integration-agent,openclaw,simo-multiomics-integration-agent,,,,
openclaw/simpy,openclaw,simpy,simpy,,,
openclaw/simulation-orchestrator,openclaw,simulation-orchestrator,simulation-orchestrator,,,
openclaw/simulation-validator,openclaw,simulation-validator,simulation-validator,,,
openclaw/single-annotation,openclaw,single-annotation,single-cell-annotation-skills-with-omicverse,,,
openclaw/single-cell-rna-qc,openclaw,single-cell-rna-qc,single-cell-rna-qc,,,
openclaw/single-cellphone-db,openclaw,single-cellphone-db,single-cell-cellphonedb-communication-mapping,,,
openclaw/single-clustering,openclaw,single-clustering,single-cell-clustering-and-batch-correction-with-omicverse,,,
openclaw/single-downstream-analysis,openclaw,single-downstream-analysis,single-cell-downstream-analysis,,,
openclaw/single-multiomics,openclaw,single-multiomics,single-cell-multi-omics-integration,,,
openclaw/single-preprocessing,openclaw,single-preprocessing,single-cell-preprocessing-with-omicverse,,,
openclaw/single-to-spatial-mapping,openclaw,single-to-spatial-mapping,single2spatial-spatial-mapping,,,
openclaw/single-trajectory,openclaw,single-trajectory,single-trajectory-analysis,,,
openclaw/sleep-analyzer,openclaw,sleep-analyzer,sleep-analyzer,,,
openclaw/slurm-job-script-generator,openclaw,slurm-job-script-generator,slurm-job-script-generator,,,
openclaw/spatial-agent,openclaw,spatial-agent,,,,
openclaw/spatial-communication,openclaw,spatial-communication,,,,
openclaw/spatial-data-io,openclaw,spatial-data-io,,,,
openclaw/spatial-deconvolution,openclaw,spatial-deconvolution,,,,
openclaw/spatial-domains,openclaw,spatial-domains,,,,
openclaw/spatial-epigenomics-agent,openclaw,spatial-epigenomics-agent,,,,
openclaw/spatial-multiomics,openclaw,spatial-multiomics,,,,
openclaw/spatial-neighbors,openclaw,spatial-neighbors,,,,
openclaw/spatial-preprocessing,openclaw,spatial-preprocessing,,,,
openclaw/spatial-proteomics,openclaw,spatial-proteomics,,,,
openclaw/spatial-statistics,openclaw,spatial-statistics,,,,
openclaw/spatial-transcriptomics-agent,openclaw,spatial-transcriptomics-agent,,,,
openclaw/spatial-transcriptomics-analysis,openclaw,spatial-transcriptomics-analysis,,,,
openclaw/spatial-tutorials,openclaw,spatial-tutorials,spatial-transcriptomics-tutorials-with-omicverse,,,
openclaw/spatial-visualization,openclaw,spatial-visualization,,,,
openclaw/speech-pathology-ai,openclaw,speech-pathology-ai,speech-pathology-ai,,,
openclaw/statsmodels,openclaw,statsmodels,statsmodels,,,
openclaw/string-database,openclaw,string-database,string-database,,,
openclaw/structural-variant-calling,openclaw,structural-variant-calling,,,,
openclaw/subagent-driven-development,openclaw,subagent-driven-development,subagent-driven-development,,,
openclaw/systematic-debugging,openclaw,systematic-debugging,systematic-debugging,,,
openclaw/tcell-exhaustion-analysis-agent,openclaw,tcell-exhaustion-analysis-agent,,,,
openclaw/tcga-preprocessing,openclaw,tcga-preprocessing,tcga-bulk-data-preprocessing-with-omicverse,,,
openclaw/tcm-constitution-analyzer,openclaw,tcm-constitution-analyzer,tcm-constitution-analyzer,,,
openclaw/tcr-pmhc-prediction-agent,openclaw,tcr-pmhc-prediction-agent,,,,
openclaw/tcr-repertoire-analysis-agent,openclaw,tcr-repertoire-analysis-agent,,,,
openclaw/test-driven-development,openclaw,test-driven-development,test-driven-development,,,
openclaw/time-resolved-cryoem-agent,openclaw,time-resolved-cryoem-agent,,,,
openclaw/time-stepping,openclaw,time-stepping,time-stepping,,,
openclaw/timesfm-forecasting,openclaw,timesfm-forecasting,timesfm-forecasting,,,
openclaw/tme-immune-profiling-agent,openclaw,tme-immune-profiling-agent,,,,
openclaw/tooluniverse-adverse-event-detection,openclaw,tooluniverse-adverse-event-detection,tooluniverse-adverse-event-detection,,,
openclaw/tooluniverse-antibody-engineering,openclaw,tooluniverse-antibody-engineering,tooluniverse-antibody-engineering,,,
openclaw/tooluniverse-binder-discovery,openclaw,tooluniverse-binder-discovery,tooluniverse-binder-discovery,,,
openclaw/tooluniverse-cancer-variant-interpretation,openclaw,tooluniverse-cancer-variant-interpretation,tooluniverse-cancer-variant-interpretation,,,
openclaw/tooluniverse-chemical-compound-retrieval,openclaw,tooluniverse-chemical-compound-retrieval,tooluniverse-chemical-compound-retrieval,,,
openclaw/tooluniverse-chemical-safety,openclaw,tooluniverse-chemical-safety,tooluniverse-chemical-safety,,,
openclaw/tooluniverse-clinical-guidelines,openclaw,tooluniverse-clinical-guidelines,tooluniverse-clinical-guidelines,,,
openclaw/tooluniverse-clinical-trial-design,openclaw,tooluniverse-clinical-trial-design,tooluniverse-clinical-trial-design,,,
openclaw/tooluniverse-clinical-trial-matching,openclaw,tooluniverse-clinical-trial-matching,tooluniverse-clinical-trial-matching,,,
openclaw/tooluniverse-crispr-screen-analysis,openclaw,tooluniverse-crispr-screen-analysis,tooluniverse-crispr-screen-analysis,,,
openclaw/tooluniverse-disease-research,openclaw,tooluniverse-disease-research,tooluniverse-disease-research,,,
openclaw/tooluniverse-drug-drug-interaction,openclaw,tooluniverse-drug-drug-interaction,tooluniverse-drug-drug-interaction,,,
openclaw/tooluniverse-drug-repurposing,openclaw,tooluniverse-drug-repurposing,tooluniverse-drug-repurposing,,,
openclaw/tooluniverse-drug-research,openclaw,tooluniverse-drug-research,tooluniverse-drug-research,,,
openclaw/tooluniverse-drug-target-validation,openclaw,tooluniverse-drug-target-validation,tooluniverse-drug-target-validation,,,
openclaw/tooluniverse-epigenomics,openclaw,tooluniverse-epigenomics,tooluniverse-epigenomics,,,
openclaw/tooluniverse-expression-data-retrieval,openclaw,tooluniverse-expression-data-retrieval,tooluniverse-expression-data-retrieval,,,
openclaw/tooluniverse-gene-enrichment,openclaw,tooluniverse-gene-enrichment,tooluniverse-gene-enrichment,,,
openclaw/tooluniverse-gwas-drug-discovery,openclaw,tooluniverse-gwas-drug-discovery,tooluniverse-gwas-drug-discovery,,,
openclaw/tooluniverse-gwas-finemapping,openclaw,tooluniverse-gwas-finemapping,tooluniverse-gwas-finemapping,,,
openclaw/tooluniverse-gwas-snp-interpretation,openclaw,tooluniverse-gwas-snp-interpretation,tooluniverse-gwas-snp-interpretation,,,
openclaw/tooluniverse-gwas-study-explorer,openclaw,tooluniverse-gwas-study-explorer,tooluniverse-gwas-study-explorer,,,
openclaw/tooluniverse-gwas-trait-to-gene,openclaw,tooluniverse-gwas-trait-to-gene,tooluniverse-gwas-trait-to-gene,,,
openclaw/tooluniverse-image-analysis,openclaw,tooluniverse-image-analysis,tooluniverse-image-analysis,,,
openclaw/tooluniverse-immune-repertoire-analysis,openclaw,tooluniverse-immune-repertoire-analysis,tooluniverse-immune-repertoire-analysis,,,
openclaw/tooluniverse-immunotherapy-response-prediction,openclaw,tooluniverse-immunotherapy-response-prediction,tooluniverse-immunotherapy-response-prediction,,,
openclaw/tooluniverse-infectious-disease,openclaw,tooluniverse-infectious-disease,tooluniverse-infectious-disease,,,
openclaw/tooluniverse-literature-deep-research,openclaw,tooluniverse-literature-deep-research,tooluniverse-literature-deep-research,,,
openclaw/tooluniverse-metabolomics,openclaw,tooluniverse-metabolomics,tooluniverse-metabolomics,,,
openclaw/tooluniverse-metabolomics-analysis,openclaw,tooluniverse-metabolomics-analysis,tooluniverse-metabolomics-analysis,,,
openclaw/tooluniverse-multi-omics-integration,openclaw,tooluniverse-multi-omics-integration,tooluniverse-multi-omics-integration,,,
openclaw/tooluniverse-multiomic-disease-characterization,openclaw,tooluniverse-multiomic-disease-characterization,tooluniverse-multiomic-disease-characterization,,,
openclaw/tooluniverse-network-pharmacology,openclaw,tooluniverse-network-pharmacology,tooluniverse-network-pharmacology,,,
openclaw/tooluniverse-pharmacovigilance,openclaw,tooluniverse-pharmacovigilance,tooluniverse-pharmacovigilance,,,
openclaw/tooluniverse-phylogenetics,openclaw,tooluniverse-phylogenetics,tooluniverse-phylogenetics,,,
openclaw/tooluniverse-polygenic-risk-score,openclaw,tooluniverse-polygenic-risk-score,tooluniverse-polygenic-risk-score,,,
openclaw/tooluniverse-precision-medicine-stratification,openclaw,tooluniverse-precision-medicine-stratification,tooluniverse-precision-medicine-stratification,,,
openclaw/tooluniverse-precision-oncology,openclaw,tooluniverse-precision-oncology,tooluniverse-precision-oncology,,,
openclaw/tooluniverse-protein-interactions,openclaw,tooluniverse-protein-interactions,protein-interaction-network-analysis,,,
openclaw/tooluniverse-protein-structure-retrieval,openclaw,tooluniverse-protein-structure-retrieval,tooluniverse-protein-structure-retrieval,,,
openclaw/tooluniverse-protein-therapeutic-design,openclaw,tooluniverse-protein-therapeutic-design,tooluniverse-protein-therapeutic-design,,,
openclaw/tooluniverse-proteomics-analysis,openclaw,tooluniverse-proteomics-analysis,tooluniverse-proteomics-analysis,,,
openclaw/tooluniverse-rare-disease-diagnosis,openclaw,tooluniverse-rare-disease-diagnosis,tooluniverse-rare-disease-diagnosis,,,
openclaw/tooluniverse-rnaseq-deseq2,openclaw,tooluniverse-rnaseq-deseq2,tooluniverse-rnaseq-deseq2,,,
openclaw/tooluniverse-sequence-retrieval,openclaw,tooluniverse-sequence-retrieval,tooluniverse-sequence-retrieval,,,
openclaw/tooluniverse-single-cell,openclaw,tooluniverse-single-cell,tooluniverse-single-cell,,,
openclaw/tooluniverse-spatial-omics-analysis,openclaw,tooluniverse-spatial-omics-analysis,tooluniverse-spatial-omics-analysis,,,
openclaw/tooluniverse-spatial-transcriptomics,openclaw,tooluniverse-spatial-transcriptomics,tooluniverse-spatial-transcriptomics,,,
openclaw/tooluniverse-statistical-modeling,openclaw,tooluniverse-statistical-modeling,tooluniverse-statistical-modeling,,,
openclaw/tooluniverse-structural-variant-analysis,openclaw,tooluniverse-structural-variant-analysis,tooluniverse-structural-variant-analysis,,,
openclaw/tooluniverse-systems-biology,openclaw,tooluniverse-systems-biology,tooluniverse-systems-biology,,,
openclaw/tooluniverse-target-research,openclaw,tooluniverse-target-research,tooluniverse-target-research,,,
openclaw/tooluniverse-variant-analysis,openclaw,tooluniverse-variant-analysis,tooluniverse-variant-analysis,,,
openclaw/tooluniverse-variant-interpretation,openclaw,tooluniverse-variant-interpretation,tooluniverse-variant-interpretation,,,
openclaw/tpd-ternary-complex-agent,openclaw,tpd-ternary-complex-agent,,,,
openclaw/travel-health-analyzer,openclaw,travel-health-analyzer,travel-health-analyzer,,,
openclaw/trial-eligibility-agent,openclaw,trial-eligibility-agent,,,,
openclaw/trialgpt-matching,openclaw,trialgpt-matching,,,,
openclaw/tumor-clonal-evolution-agent,openclaw,tumor-clonal-evolution-agent,,,,
openclaw/tumor-heterogeneity-agent,openclaw,tumor-heterogeneity-agent,,,,
openclaw/tumor-mutational-burden-agent,openclaw,tumor-mutational-burden-agent,,,,
openclaw/umap-learn,openclaw,umap-learn,umap-learn,,,
openclaw/uniprot-database,openclaw,uniprot-database,uniprot-database,,,
openclaw/universal-single-cell-annotator,openclaw,universal-single-cell-annotator,,,,
openclaw/using-git-worktrees,openclaw,using-git-worktrees,using-git-worktrees,,,
openclaw/using-superpowers,openclaw,using-superpowers,using-superpowers,,,
openclaw/usmle,openclaw,usmle,usmle,,,
openclaw/vaex,openclaw,vaex,vaex,,,
openclaw/varCADD,openclaw,varCADD,,,,
openclaw/varcadd-pathogenicity,openclaw,varcadd-pathogenicity,,,,
openclaw/variant-annotation,openclaw,variant-annotation,,,,
openclaw/variant-calling,openclaw,variant-calling,,,,
openclaw/variant-interpretation-acmg,openclaw,variant-interpretation-acmg,,,,
openclaw/variant-normalization,openclaw,variant-normalization,,,,
openclaw/vcf-basics,openclaw,vcf-basics,,,,
openclaw/vcf-manipulation,openclaw,vcf-manipulation,,,,
openclaw/vcf-statistics,openclaw,vcf-statistics,,,,
openclaw/verification-before-completion,openclaw,verification-before-completion,verification-before-completion,,,
openclaw/virtual-lab-agent,openclaw,virtual-lab-agent,,,,
openclaw/wearable-analysis-agent,openclaw,wearable-analysis-agent,,,,
openclaw/weightloss-analyzer,openclaw,weightloss-analyzer,weightloss-analyzer,,,
openclaw/wellally-tech,openclaw,wellally-tech,wellally-tech,,,
openclaw/wikipedia-search,openclaw,wikipedia-search,wikipedia-search,,,
openclaw/writing-plans,openclaw,writing-plans,writing-plans,,,
openclaw/writing-skills,openclaw,writing-skills,writing-skills,,,
openclaw/zarr-python,openclaw,zarr-python,zarr-python,,,
pantheon/bio_image_processing,pantheon,bio_image_processing,Bio Image Processing Skills Index,,,
pantheon/database_access,pantheon,database_access,Database Access Skills Index,,,
pantheon/figure_styling,pantheon,figure_styling,Figure Styling Skills Index,,,
pantheon/gene_panel_selection,pantheon,gene_panel_selection,Gene Panel Selection Workflow,,,
pantheon/general_data_analysis,pantheon,general_data_analysis,General Data Analysis Skills Index,,,
pantheon/live_view,pantheon,live_view,LiveView Skills Index,,,
pantheon/nfcore,pantheon,nfcore,nf-core Pipelines Skills Index,,,
pantheon/omics,pantheon,omics,Omics Analysis Skills Index,,,
pantheon/openst,pantheon,openst,OpenST Skills Index,,,
pantheon/paper_writing,pantheon,paper_writing,Paper Writing Skills Index,,,
pantheon/presentation,pantheon,presentation,Presentation Skills Index,,,
pantheon/sc_best_practices,pantheon,sc_best_practices,SC Best Practices Skills Index,,,
pantheon/scfm,pantheon,scfm,Single-Cell Foundation Models Skills Index,,,
pantheon/segmentation,pantheon,segmentation,Cell Segmentation Skills Index,,,
pantheon/single_cell,pantheon,single_cell,Single-Cell Analysis Skills Index,,,
pantheon/spatial,pantheon,spatial,Spatial Omics Skills Index,,,
pantheon/structural_biology,pantheon,structural_biology,Protein Structures — AlphaFold & PDB,,,
pantheon/upstream_processing,pantheon,upstream_processing,Upstream Processing Skills Index,,,
sciagent/adaptyv-bio,sciagent,adaptyv-bio,adaptyv-bio,,,
sciagent/alphafold-database-access,sciagent,alphafold-database-access,alphafold-database-access,,,
sciagent/anndata-data-structure,sciagent,anndata-data-structure,anndata-data-structure,,,
sciagent/arboreto-grn-inference,sciagent,arboreto-grn-inference,arboreto-grn-inference,,,
sciagent/archs4-database,sciagent,archs4-database,archs4-database,,,
sciagent/astropy-astronomy,sciagent,astropy-astronomy,astropy-astronomy,,,
sciagent/autodock-vina-docking,sciagent,autodock-vina-docking,autodock-vina-docking,,,
sciagent/bakta-genome-annotation,sciagent,bakta-genome-annotation,bakta-genome-annotation,,,
sciagent/bcftools-variant-manipulation,sciagent,bcftools-variant-manipulation,bcftools-variant-manipulation,,,
sciagent/bedtools-genomic-intervals,sciagent,bedtools-genomic-intervals,bedtools-genomic-intervals,,,
sciagent/biopython-molecular-biology,sciagent,biopython-molecular-biology,biopython-molecular-biology,,,
sciagent/biopython-sequence-analysis,sciagent,biopython-sequence-analysis,biopython-sequence-analysis,,,
sciagent/biorxiv-database,sciagent,biorxiv-database,biorxiv-database,,,
sciagent/bioservices-multi-database,sciagent,bioservices-multi-database,bioservices-multi-database,,,
sciagent/brenda-database,sciagent,brenda-database,brenda-database,,,
sciagent/busco-status-interpretation,sciagent,busco-status-interpretation,busco-status-interpretation,,,
sciagent/bwa-mem2-dna-aligner,sciagent,bwa-mem2-dna-aligner,bwa-mem2-dna-aligner,,,
sciagent/cancer-research-figure-guide,sciagent,cancer-research-figure-guide,cancer-research-figure-guide,,,
sciagent/cbioportal-database,sciagent,cbioportal-database,cbioportal-database,,,
sciagent/cell-figure-guide,sciagent,cell-figure-guide,cell-figure-guide,,,
sciagent/cellchat-cell-communication,sciagent,cellchat-cell-communication,cellchat-cell-communication,,,
sciagent/cellpose-cell-segmentation,sciagent,cellpose-cell-segmentation,cellpose-cell-segmentation,,,
sciagent/celltypist-cell-annotation,sciagent,celltypist-cell-annotation,celltypist-cell-annotation,,,
sciagent/chembl-database-bioactivity,sciagent,chembl-database-bioactivity,chembl-database-bioactivity,,,
sciagent/clinical-decision-support-documents,sciagent,clinical-decision-support-documents,clinical-decision-support-documents,,,
sciagent/clinicaltrials-database-search,sciagent,clinicaltrials-database-search,clinicaltrials-database-search,,,
sciagent/clinpgx-database,sciagent,clinpgx-database,clinpgx-database,,,
sciagent/clinvar-database,sciagent,clinvar-database,clinvar-database,,,
sciagent/cnvkit-copy-number,sciagent,cnvkit-copy-number,cnvkit-copy-number,,,
sciagent/cobrapy-metabolic-modeling,sciagent,cobrapy-metabolic-modeling,cobrapy-metabolic-modeling,,,
sciagent/cosmic-database,sciagent,cosmic-database,cosmic-database,,,
sciagent/dailymed-database,sciagent,dailymed-database,dailymed-database,,,
sciagent/datamol-cheminformatics,sciagent,datamol-cheminformatics,datamol-cheminformatics,,,
sciagent/dbsnp-database,sciagent,dbsnp-database,dbsnp-database,,,
sciagent/ddinter-database,sciagent,ddinter-database,ddinter-database,,,
sciagent/deeptools-ngs-analysis,sciagent,deeptools-ngs-analysis,deeptools-ngs-analysis,,,
sciagent/degenerate-input-filtering,sciagent,degenerate-input-filtering,degenerate-input-filtering,,,
sciagent/depmap-crispr-essentiality,sciagent,depmap-crispr-essentiality,depmap-crispr-essentiality,,,
sciagent/deseq2-differential-expression,sciagent,deseq2-differential-expression,deseq2-differential-expression,,,
sciagent/drugbank-database-access,sciagent,drugbank-database-access,drugbank-database-access,,,
sciagent/emdb-database,sciagent,emdb-database,emdb-database,,,
sciagent/ena-database,sciagent,ena-database,ena-database,,,
sciagent/encode-database,sciagent,encode-database,encode-database,,,
sciagent/ensembl-database,sciagent,ensembl-database,ensembl-database,,,
sciagent/esm-protein-language-model,sciagent,esm-protein-language-model,esm-protein-language-model,,,
sciagent/fastp-fastq-preprocessing,sciagent,fastp-fastq-preprocessing,fastp-fastq-preprocessing,,,
sciagent/fda-database,sciagent,fda-database,fda-database,,,
sciagent/featurecounts-rna-counting,sciagent,featurecounts-rna-counting,featurecounts-rna-counting,,,
sciagent/flowio-flow-cytometry,sciagent,flowio-flow-cytometry,flowio-flow-cytometry,,,
sciagent/gatk-variant-calling,sciagent,gatk-variant-calling,gatk-variant-calling,,,
sciagent/gene-database,sciagent,gene-database,gene-database,,,
sciagent/general-figure-guide,sciagent,general-figure-guide,general-figure-guide,,,
sciagent/geo-database,sciagent,geo-database,geo-database,,,
sciagent/geopandas-geospatial,sciagent,geopandas-geospatial,geopandas-geospatial,,,
sciagent/gget-genomic-databases,sciagent,gget-genomic-databases,gget-genomic-databases,,,
sciagent/gnomad-database,sciagent,gnomad-database,gnomad-database,,,
sciagent/gseapy-gene-enrichment,sciagent,gseapy-gene-enrichment,gseapy-gene-enrichment,,,
sciagent/gtopdb-database,sciagent,gtopdb-database,gtopdb-database,,,
sciagent/gwas-database,sciagent,gwas-database,gwas-database,,,
sciagent/harmony-batch-correction,sciagent,harmony-batch-correction,harmony-batch-correction,,,
sciagent/histolab-wsi-processing,sciagent,histolab-wsi-processing,histolab-wsi-processing,,,
sciagent/hmdb-database,sciagent,hmdb-database,hmdb-database,,,
sciagent/homer-motif-analysis,sciagent,homer-motif-analysis,homer-motif-analysis,,,
sciagent/hypogenic-hypothesis-generation,sciagent,hypogenic-hypothesis-generation,hypogenic-hypothesis-generation,,,
sciagent/interpro-database,sciagent,interpro-database,interpro-database,,,
sciagent/jaspar-database,sciagent,jaspar-database,jaspar-database,,,
sciagent/kegg-database,sciagent,kegg-database,kegg-database,,,
sciagent/kegg-pathway-analysis,sciagent,kegg-pathway-analysis,kegg-pathway-analysis,,,
sciagent/lamindb-data-management,sciagent,lamindb-data-management,lamindb-data-management,,,
sciagent/latex-research-posters,sciagent,latex-research-posters,latex-research-posters,,,
sciagent/libsbml-network-modeling,sciagent,libsbml-network-modeling,libsbml-network-modeling,,,
sciagent/macs3-peak-calling,sciagent,macs3-peak-calling,macs3-peak-calling,,,
sciagent/matchms-spectral-matching,sciagent,matchms-spectral-matching,matchms-spectral-matching,,,
sciagent/matplotlib-scientific-plotting,sciagent,matplotlib-scientific-plotting,matplotlib-scientific-plotting,,,
sciagent/maxquant-proteomics,sciagent,maxquant-proteomics,maxquant-proteomics,,,
sciagent/mdanalysis-trajectory,sciagent,mdanalysis-trajectory,mdanalysis-trajectory,,,
sciagent/metabolomics-workbench-database,sciagent,metabolomics-workbench-database,metabolomics-workbench-database,,,
sciagent/mofaplus-multi-omics,sciagent,mofaplus-multi-omics,mofaplus-multi-omics,,,
sciagent/molfeat-molecular-featurization,sciagent,molfeat-molecular-featurization,molfeat-molecular-featurization,,,
sciagent/monarch-database,sciagent,monarch-database,monarch-database,,,
sciagent/mouse-phenome-database,sciagent,mouse-phenome-database,mouse-phenome-database,,,
sciagent/multiqc-qc-reports,sciagent,multiqc-qc-reports,multiqc-qc-reports,,,
sciagent/muon-multiomics-singlecell,sciagent,muon-multiomics-singlecell,muon-multiomics-singlecell,,,
sciagent/nan-safe-correlation,sciagent,nan-safe-correlation,nan-safe-correlation,,,
sciagent/napari-image-viewer,sciagent,napari-image-viewer,napari-image-viewer,,,
sciagent/networkx-graph-analysis,sciagent,networkx-graph-analysis,networkx-graph-analysis,,,
sciagent/nextflow-workflow-engine,sciagent,nextflow-workflow-engine,nextflow-workflow-engine,,,
sciagent/nnunet-segmentation,sciagent,nnunet-segmentation,nnunet-segmentation,,,
sciagent/omics-analysis-guide,sciagent,omics-analysis-guide,omics-analysis-guide,,,
sciagent/openalex-database,sciagent,openalex-database,openalex-database,,,
sciagent/opencv-bioimage-analysis,sciagent,opencv-bioimage-analysis,opencv-bioimage-analysis,,,
sciagent/opentargets-database,sciagent,opentargets-database,opentargets-database,,,
sciagent/opentrons-protocol-api,sciagent,opentrons-protocol-api,opentrons-protocol-api,,,
sciagent/pdb-database,sciagent,pdb-database,pdb-database,,,
sciagent/peer-review-methodology,sciagent,peer-review-methodology,peer-review-methodology,,,
sciagent/plannotate-plasmid-annotation,sciagent,plannotate-plasmid-annotation,plannotate-plasmid-annotation,,,
sciagent/plink2-gwas-analysis,sciagent,plink2-gwas-analysis,plink2-gwas-analysis,,,
sciagent/plotly-interactive-plots,sciagent,plotly-interactive-plots,plotly-interactive-plots,,,
sciagent/plotly-interactive-visualization,sciagent,plotly-interactive-visualization,plotly-interactive-visualization,,,
sciagent/popv-cell-annotation,sciagent,popv-cell-annotation,popv-cell-annotation,,,
sciagent/pride-database,sciagent,pride-database,pride-database,,,
sciagent/prokka-genome-annotation,sciagent,prokka-genome-annotation,prokka-genome-annotation,,,
sciagent/protocolsio-integration,sciagent,protocolsio-integration,protocolsio-integration,,,
sciagent/pubchem-compound-search,sciagent,pubchem-compound-search,pubchem-compound-search,,,
sciagent/pubmed-database,sciagent,pubmed-database,pubmed-database,,,
sciagent/pydeseq2-differential-expression,sciagent,pydeseq2-differential-expression,pydeseq2-differential-expression,,,
sciagent/pydicom-medical-imaging,sciagent,pydicom-medical-imaging,pydicom-medical-imaging,,,
sciagent/pyimagej-fiji-bridge,sciagent,pyimagej-fiji-bridge,pyimagej-fiji-bridge,,,
sciagent/pylabrobot,sciagent,pylabrobot,pylabrobot,,,
sciagent/pymc-bayesian-modeling,sciagent,pymc-bayesian-modeling,pymc-bayesian-modeling,,,
sciagent/pymoo,sciagent,pymoo,pymoo,,,
sciagent/pyopenms-mass-spectrometry,sciagent,pyopenms-mass-spectrometry,pyopenms-mass-spectrometry,,,
sciagent/pysam-genomic-files,sciagent,pysam-genomic-files,pysam-genomic-files,,,
sciagent/pytdc-therapeutics-data-commons,sciagent,pytdc-therapeutics-data-commons,pytdc-therapeutics-data-commons,,,
sciagent/quickgo-database,sciagent,quickgo-database,quickgo-database,,,
sciagent/rdkit-cheminformatics,sciagent,rdkit-cheminformatics,rdkit-cheminformatics,,,
sciagent/reactome-database,sciagent,reactome-database,reactome-database,,,
sciagent/regulomedb-database,sciagent,regulomedb-database,regulomedb-database,,,
sciagent/remap-database,sciagent,remap-database,remap-database,,,
sciagent/roary-pangenome,sciagent,roary-pangenome,roary-pangenome,,,
sciagent/salmon-rna-quantification,sciagent,salmon-rna-quantification,salmon-rna-quantification,,,
sciagent/samtools-bam-processing,sciagent,samtools-bam-processing,samtools-bam-processing,,,
sciagent/sar-analysis,sciagent,sar-analysis,sar-analysis,,,
sciagent/scanpy-scrna-seq,sciagent,scanpy-scrna-seq,scanpy-scrna-seq,,,
sciagent/scientific-critical-thinking,sciagent,scientific-critical-thinking,scientific-critical-thinking,,,
sciagent/scientific-literature-search,sciagent,scientific-literature-search,scientific-literature-search,,,
sciagent/scikit-image-processing,sciagent,scikit-image-processing,scikit-image-processing,,,
sciagent/scikit-learn-machine-learning,sciagent,scikit-learn-machine-learning,scikit-learn-machine-learning,,,
sciagent/scikit-survival-analysis,sciagent,scikit-survival-analysis,scikit-survival-analysis,,,
sciagent/scvi-tools-single-cell,sciagent,scvi-tools-single-cell,scvi-tools-single-cell,,,
sciagent/sgrna-design-guide,sciagent,sgrna-design-guide,sgrna-design-guide,,,
sciagent/shap-model-explainability,sciagent,shap-model-explainability,shap-model-explainability,,,
sciagent/simpleitk-image-registration,sciagent,simpleitk-image-registration,simpleitk-image-registration,,,
sciagent/simpy-discrete-event-simulation,sciagent,simpy-discrete-event-simulation,simpy-discrete-event-simulation,,,
sciagent/single-cell-annotation,sciagent,single-cell-annotation,single-cell-annotation,,,
sciagent/single-cell-annotation-guide,sciagent,single-cell-annotation-guide,single-cell-annotation-guide,,,
sciagent/snpeff-variant-annotation,sciagent,snpeff-variant-annotation,snpeff-variant-annotation,,,
sciagent/spikeinterface-electrophysiology,sciagent,spikeinterface-electrophysiology,spikeinterface-electrophysiology,,,
sciagent/star-rna-seq-aligner,sciagent,star-rna-seq-aligner,star-rna-seq-aligner,,,
sciagent/statistical-analysis,sciagent,statistical-analysis,statistical-analysis,,,
sciagent/statistical-significance-annotation,sciagent,statistical-significance-annotation,statistical-significance-annotation,,,
sciagent/statsmodels-statistical-modeling,sciagent,statsmodels-statistical-modeling,statsmodels-statistical-modeling,,,
sciagent/string-database-ppi,sciagent,string-database-ppi,string-database-ppi,,,
sciagent/sympy-symbolic-math,sciagent,sympy-symbolic-math,sympy-symbolic-math,,,
sciagent/torch-geometric-graph-neural-networks,sciagent,torch-geometric-graph-neural-networks,torch-geometric-graph-neural-networks,,,
sciagent/trackpy-particle-tracking,sciagent,trackpy-particle-tracking,trackpy-particle-tracking,,,
sciagent/transformers-bio-nlp,sciagent,transformers-bio-nlp,transformers-bio-nlp,,,
sciagent/ucsc-genome-browser,sciagent,ucsc-genome-browser,ucsc-genome-browser,,,
sciagent/unichem-database,sciagent,unichem-database,unichem-database,,,
sciagent/uniprot-protein-database,sciagent,uniprot-protein-database,uniprot-protein-database,,,
sciagent/uspto-database,sciagent,uspto-database,uspto-database,,,
sciagent/vcf-variant-filtering,sciagent,vcf-variant-filtering,vcf-variant-filtering,,,
sciagent/viennarna-structure-prediction,sciagent,viennarna-structure-prediction,viennarna-structure-prediction,,,
sciagent/zinc-database,sciagent,zinc-database,zinc-database,,,
sragent/claude-skill,sragent,claude-skill,sragent,,,
zamushwani/cancer-multiomics,zamushwani,cancer-multiomics,,,,
zamushwani/immune-deconvolution,zamushwani,immune-deconvolution,,,,
zamushwani/single-cell-atlas,zamushwani,single-cell-atlas,,,,
zamushwani/survival-analysis,zamushwani,survival-analysis,,,,
